,pmid,Abstract
0,38452919,"دلیل و هدف: اختلالات گلومرولی سیر بالینی بسیار متغیری دارند و نشانگرهای زیستی که مکانیسم‌های مولکولی زیربنایی پیشرفت را منعکس می‌کنند مورد نیاز است. بر اساس کار قبلی ما که پلاسمینوژن را به عنوان یک علت مستقیم آسیب پودوسیت شناسایی کرده بودیم، این مطالعه را برای آزمایش ارتباط بین پلاسمین (وژن) ادرار (یعنی پلاسمین و پلاسمینوژن پیش ساز آن) و بیماری کلیوی مرحله نهایی (ESKD) طراحی کردیم.
طراحی مطالعه: مطالعه کوهورت چند مرکزی.
تنظیم و شرکت کنندگان: 1010 بیمار با بیماری گلومرولی اثبات شده با بیوپسی (گلومرولوسکلروزیس سگمنتال کانونی، نفروپاتی غشایی، و نفروپاتی ایمونوگلوبولین A) در گروه CureGN ثبت نام کردند.
پیش‌بینی‌کننده‌ها: پیش‌بینی‌کننده اصلی پلاسمین (وژن) ادرار در ابتدا بود. سطوح توسط یک روش ایمونواسی الکتروشیمیایی که به صورت de novo توسعه یافته اندازه گیری شد. برای تنظیم از ویژگی های بالینی و تحلیلی سنتی استفاده شد. نسبت پلاسمین (وژن) ادرار به پلاسمین (وژن) مورد انتظار به عنوان یک پیش بینی در یک مدل جداگانه ارزیابی شد.
نتایج: پیشرفت به ESKD.
رویکرد تحلیلی: از رگرسیون کاکس برای بررسی ارتباط بین پلاسمین (وژن) ادرار و زمان رسیدن به ESKD استفاده شد. نشانگرهای ادراری Log بودند
نتایج: ورود به سیستم تنظیم شده
محدودیت ها: تعیین تک پلاسمین (وژن) اجازه مطالعه تغییرات در طول زمان را نمی دهد. استفاده از گروهی از بیماران عمدتا سفیدپوست و محدودیت برای بیماران مبتلا به 3 اختلال گلومرولی اعتبار خارجی تحلیل ما را محدود می کند.
نتیجه‌گیری: پلاسمین (وژن) ادراری و نسبت پلاسمین (وژن) اندازه‌گیری شده / مورد انتظار به طور مستقل با ESKD در گروهی از بیماران مبتلا به بیماری گلومرولی مرتبط است. همراه با یافته های تجربی قبلی ما، پلاسمین (وژن) ادرار می تواند یک نشانگر زیستی مفید در تصمیم گیری پیش آگهی و هدفی برای توسعه درمان های جدید در بیماران مبتلا به پروتئینوری و بیماری گلومرولی باشد."
1,38448735,گیرنده های سیگنال مصنوعی، پاسخ های سلولی قابل برنامه ریزی را با ورودی های سفارشی جفت می کنند. با این حال، مهندسی یک گیرنده حسگر نیرو طراح برای سیم‌کشی مجدد انتقال مکانیکی تا حد زیادی ناشناخته باقی مانده است. در اینجا، ما گیرنده‌های مکانیکی مصنوعی (AMRs) مهندسی‌شده غیرژنتیکی را معرفی می‌کنیم که قادر به برنامه‌ریزی مجدد گیرنده‌های تیروزین کیناز (RTKs) هستند تا نشانه‌های نیروی تعریف‌شده توسط کاربر را حس کنند، و امکان انتقال مکانیکی طراحی‌شده جدید را فراهم می‌کنند. AMR یک کایمرا پروتئینی مدولار DNA است که شامل یک نانودستگاه DNA حسگر و انتقال دهنده است که روی RTKهای طبیعی از طریق لنگرهای آپتامر پیوند شده است. AMR نیروی کششی بین سلولی را از طریق یک سوئیچ مکانیکی DNA آلوستریک با تحمل نیروی حساس به پیکونیوتون قابل تنظیم حس می‌کند و یک مجموعه DNA دینامیکی تحریک‌شده با نیرو را برای دستکاری دیمریزاسیون RTK و فعال کردن سیگنال‌دهی درون سلولی فعال می‌کند. با تعویض لیگاندهای دریافت نیرو، فعال سازی c-Met با واسطه AMR را نشان می دهیم، یک RTK نماینده، در پاسخ به نیروهای کششی سلولی ناشی از پروتئین های چسبندگی سلولی (اینتگرین، E-cadherin) یا اندوسیتوز پروتئین غشایی (CI) -M6PR). علاوه بر این، AMR همچنین به برنامه ریزی مجدد FGFR1، RTK دیگر، اجازه می دهد تا عملکرد مکانیکی بیولوژیکی را سفارشی کند، به عنوان مثال، نگهداری سلول های بنیادی عصبی با واسطه چسبندگی.
2,38442440,استفاده از هوش مصنوعی (AI) در کشف دارو منجر به چندین داستان موفقیت در زمان های اخیر شده است. در حالی که روش‌های سنتی عمدتاً به غربالگری کتابخانه‌های شیمیایی بزرگ برای طراحی اولیه دارو متکی بودند، طراحی de novo می‌تواند به شناسایی مولکول‌های خاص هدف جدید با نمونه‌برداری از فضای شیمیایی بسیار بزرگ‌تر کمک کند. اگرچه این امر امکان یافتن مولکول‌های متنوع و جدید را از فضای شیمیایی که قبلاً کشف نشده بود افزایش داده است، اما این امر همچنین چالش بزرگی را برای شیمی‌دانان دارویی ایجاد کرده است تا حداقل برخی از مولکول‌های جدید طراحی‌شده جدید را برای تأیید آزمایشی سنتز کنند. برای پرداختن به این چالش، در این کار، ما یک روش جدید هوش مصنوعی مبتنی بر سنتز را پیشنهاد می‌کنیم که برای کشف فضای شیمیایی قابل سنتز استفاده می‌شود. این روش از یک چارچوب طراحی دارویی مبتنی بر ساختار استفاده می‌کند، که در آن ساختار پروتئین هدف و یک قطعه دانه خاص هدف از ساختارهای کریستالی می‌توانند ورودی‌های اولیه باشند. یک قطعه تصادفی از یک کتابخانه قطعه قابل خرید نیز می تواند ورودی باشد اگر یک قطعه خاص هدف در دسترس نباشد. سپس یک پیش‌بینی مسیر سنتز رو به جلو مبتنی بر الگو و تولید مولکول به صورت موازی با استفاده از روش جستجوی درخت مونت کارلو (MCTS) انجام می‌شود که در آن، قطعات بعدی برای رشد مولکول‌ها را می‌توان دوباره از یک کتابخانه قطعه قابل خرید به‌دست آورد. پاداش برای هر تکرار MCTS با استفاده از یک مدل تمایل دارو-هدف (DTA) بر اساس موقعیت اتصال واسطه‌های واکنش تولید شده در محل اتصال پروتئین هدف مورد نظر محاسبه می‌شود. با کمک روش پیشنهادی، اکنون می‌توان بر یکی از موانع اصلی ایجاد شده برای رویکردهای طراحی دارو مبتنی بر هوش مصنوعی از طریق توانایی این روش برای طراحی مولکول‌های قابل سنتز خاص هدف جدید غلبه کرد.
3,38438864,"اهداف: سویا به دلیل داشتن پروتئین و روغن بالا، یک محصول خوراکی و روغنی مهم در جهان است. چین مجموعه ای از بیش از 43000 منبع ژرم پلاسم سویا دارد که تنوع ژنتیکی غنی برای پرورش سویا فراهم می کند. با این حال، تنوع ژنتیکی غنی، چالش های بزرگی را برای بهبود ژنتیکی سویا ایجاد می کند. این مطالعه در مورد مجموعه ژنوم de novo HJ117، یک رقم سویا با محتوای پروتئین بالا 52.99٪ گزارش می دهد. این داده‌ها منابع ارزشمندی برای تحقیقات بیشتر در بهبود کیفیت دانه سویا هستند و به روشن شدن مکانیسم‌های تنظیمی زیربنای محتوای پروتئین سویا کمک خواهند کرد.
توصیف داده ها: ما یک ژنوم مرجع پیوسته 1041.94 مگابایت برای HJ117 با استفاده از ترکیبی از خواندن کوتاه Illumina (23.38 گیگابیت) و خواندن طولانی PacBio (25.58 گیگابایت)، با پوشش توالی با کیفیت بالا تقریباً 22.44×5×22.44×، 2، ایجاد کردیم. HJ117 از طریق اصلاح متقاطع با استفاده از Jidou 12 به عنوان والد مکرر و Chamoshido به عنوان والد اهداکننده توسعه یافت. مونتاژ بیشتر توسط داده های 114.5 گیگابایتی Hi-C (109.9×) کمک می کند که منجر به N50 contig برابر با 19.32 مگابایت و داربست N50 با حجم 51.43 مگابایت می شود. قابل‌توجه، ارزیابی رویکرد نقشه‌برداری ژن یوکاریوتی هسته (CEGMA) و نتایج ارزیابی ارتولوگ‌های تک نسخه‌ای جهانی (BUSCO) نشان داد که بیشتر ژن‌های یوکاریوتی هسته (97.18٪) و ژن‌های موجود در مجموعه داده BUSCO (99.4٪) شناسایی شده‌اند و 96.44٪ توالی های ژنومی بر روی بیست شبه کروموزوم لنگر انداختند."
4,38438446,کلکالیزاسیون پاتوژن های میکروبی و پپتید β-آمیلوئید (Aβ) در مغز بیماران مبتلا به بیماری آلزایمر (AD) نشان می دهد که عفونت میکروبی ممکن است در AD پراکنده نقش داشته باشد. Aβ فعالیت ضد میکروبی را در برابر پاتوژن های متعدد نشان می دهد و از نقش بالقوه Aβ در پاسخ ایمنی ذاتی حمایت می کند. در حالی که آمیلوئید پستانداران با بیماری مرتبط است، بسیاری از باکتری ها فیبرهای آمیلوئیدی را برای تقویت بیوفیلم تشکیل می دهند که از سلول ها در برابر محیط اطراف محافظت می کند. در فرضیه AD میکروبی، Aβ در پاسخ به عفونت برای مبارزه با پاتوژن تجمع می یابد. ما فرض می کنیم که این امر از طریق الیگومرهای سمی Aβ رخ می دهد که حاوی ساختار ورقه α هستند و قبل از فیبریلیزاسیون شکل می گیرند. پپتیدهای ورقه α به طور خاص به ساختار ورقه α موجود در الیگومرهای پروتئین های آمیلوئیدوژنیک باکتریایی و پستانداران متصل می شوند تا سمیت را خنثی کرده و از تجمع جلوگیری کنند. در اینجا، ما اثر E. coli را بر Aβ، از جمله تنظیم، تجمع، و سمیت اندازه گیری می کنیم. علاوه بر این، ما اثر ساختار Aβ را بر فیبریل‌های آمیلوئید E. coli یا curli متشکل از پروتئین CsgA و تشکیل بیوفیلم تعیین کردیم. ما دریافتیم که تشکیل کورلی توسط E. coli باعث افزایش تولید الیگومر Aβ شد و الیگومرهای Aβ بیوژنز کورلی را مهار کرد و تراکم سلولی بیوفیلم را کاهش داد. علاوه بر این، مهار کورلی و بیوفیلم توسط الیگومرهای Aβ باعث افزایش حساسیت E. coli به جنتامایسین شد. الیگومرهای سمی Aβ و CsgA از طریق فعل و انفعالات ورقه α برهمکنش می کنند و سمیت آنها را خنثی می کنند. این نتایج نشان می‌دهد که قرار گرفتن در معرض الیگومرهای سمی تشکیل‌شده توسط پاتوژن‌های میکروبی باعث افزایش تنظیم و تجمع الیگومر Aβ برای مبارزه با عفونت از طریق فعل و انفعالات انتخابی بین الیگومرهای صفحه آلفا برای خنثی‌سازی سمیت هر دو گونه با مهار فیبریلیزاسیون بعدی می‌شود.
5,38437538,پتانسیل آنزیم های مهندسی شده در کاربردهای صنعتی اغلب توسط سطوح بیان، پایداری حرارتی و تنوع کاتالیزوری محدود می شود. طراحی آنزیم De novo به دلیل پیچیدگی کاتالیز آنزیمی با چالش هایی مواجه است. یک رویکرد جایگزین شامل گسترش قابلیت‌های آنزیمی طبیعی برای بسترها و پارامترهای جدید است. در اینجا، CoSaNN (نمونه‌گیری ترکیبی با استفاده از شبکه عصبی)، یک استراتژی طراحی آنزیمی با استفاده از یادگیری عمیق برای پیش‌بینی ساختار و بهینه‌سازی توالی را معرفی می‌کنیم. CoSaNN ترکیبات آنزیمی را برای گسترش فضای شیمیایی فراتر از جهش زایی ساده کنترل می کند. از یک رویکرد وابسته به زمینه برای تولید طرح‌های آنزیمی، با در نظر گرفتن روابط غیرخطی در فضای توالی و ساختار استفاده می‌کند. ما همچنین SolvIT را توسعه دادیم، یک نمودار NN که حلالیت پروتئین را در آن پیش‌بینی می‌کند
6,38431892,بسیاری از پروتئین ها در یک ساختار سه بعدی ثابت جمع نمی شوند، بلکه در حالت بسیار بی نظم عمل می کنند. این پروتئین‌های ذاتاً بی‌نظم چالشی منحصربه‌فرد برای مهندسی و طراحی پروتئین ایجاد می‌کنند: چگونه می‌توان پروتئین‌ها را به‌صورت نو طراحی کرد، اگر نه با طراحی ساختارشان؟ در اینجا، زمینه نوپای طراحی پروتئین‌های دارای اختلال ذاتی را با تمرکز بر کاربردها در بیوتکنولوژی و پزشکی مرور خواهیم کرد. اهداف طراحی لزوماً نباید مانند طراحی de novo پروتئین های تا شده باشد، زیرا پروتئین های بی نظم دارای نقاط قوت و محدودیت های عملکردی منحصر به فردی هستند. ما بر روی عملکردهایی تمرکز می‌کنیم که در آن پروتئین‌های ذاتاً بی‌نظم به طور منحصربه‌فردی مناسب هستند، از جمله پیوندهای نامنظم، چاپرون‌های خشک‌کننده، حسگرهای محیط شیمیایی، تحویل داروها، و ترکیبات میعانات بیومولکولی. طراحی پروتئین‌های دارای اختلال ذاتی عملکردی متکی بر ترکیبی از ابزارهای محاسباتی و اکتشافی است که از مطالعات توالی-تابعی به دست آمده است. موارد کمی وجود دارد که پروتئین های ذاتاً بی نظم آن را به کاربردهای صنعتی تبدیل کرده باشند. با این حال، ما استدلال می‌کنیم که پروتئین‌های بی‌نظم می‌توانند نقش‌های زیادی را انجام دهند که در حال حاضر توسط پلیمرهای آلی انجام می‌شود، و این پروتئین‌ها ممکن است به دلیل مدولار بودنشان قابل طراحی‌تر باشند.
7,38417762,ابریشم، به ویژه ابریشم عنکبوت و حشرات، یک ماده زیستی بسیار همه کاره با کاربردهای بالقوه در زیست پزشکی، علم مواد و مهندسی بیومیمتیک است. ساختار اولیه پروتئین های ابریشم اساس خواص مکانیکی الیاف ابریشم است. بیوتکنولوژی‌هایی مانند توالی‌یابی تک مولکولی تعداد فزاینده‌ای از گزارش‌ها در مورد ژن‌های جدید ابریشم و پروتئین‌های ابریشم مونتاژ شده را تسهیل کرده‌اند. بنابراین، این بررسی با هدف ارائه یک نمای کلی از پیشرفت‌های اخیر در پروتئین‌های ابریشم نماینده عنکبوت و حشرات، با تمرکز بر روش‌های شناسایی، ویژگی‌های توالی، و طراحی و مونتاژ de novo است. این بررسی سه روش شناسایی برای ژن‌های ابریشم را مورد بحث قرار می‌دهد: توالی‌یابی مبتنی بر واکنش زنجیره‌ای پلیمراز (PCR)، شبیه‌سازی و توالی‌یابی بدون PCR، و توالی‌یابی کل ژنوم. علاوه بر این، پروتئین های اصلی ابریشم عنکبوت و حشره و توالی آنها را نشان می دهد. مونتاژ نوین بعدی ابریشم مصنوعی پوشش داده شده است و جهت‌های تحقیقاتی آینده در زمینه پروتئین‌های ابریشم، از جمله ژن‌های جدید ابریشم، ابریشم مصنوعی قابل سفارشی‌سازی، و گسترش تولید و کاربردهای ابریشم مورد بحث قرار گرفته است. این بررسی مبنایی برای جنبه های ژنتیکی تولید ابریشم و کاربردهای بالقوه ابریشم مصنوعی در علم مواد و مهندسی زیست پزشکی فراهم می کند.
8,38405797,با بیش از 270 رخداد منحصر به فرد در ژنوم انسان، حوزه‌های PDZ شناسایی پپتید نقشی اساسی در تعدیل مسیرهای قطبی‌سازی، سیگنال‌دهی و قاچاق دارند. جهش در حوزه های PDZ منجر به بیماری هایی مانند سرطان و فیبروز کیستیک می شود و دامنه های PDZ را به اهدافی جذاب برای مداخله درمانی تبدیل می کند. مهارکننده های پپتید D مزایای منحصر به فردی را به عنوان درمان ارائه می دهند، از جمله افزایش پایداری متابولیک و ایمنی زایی کم. در اینجا، DexDesign را معرفی می کنیم، یک الگوریتم جدید مبتنی بر OSPREY برای طراحی محاسباتی
9,38392046,کارسینوم یوروتلیال پیشرفته یا متاستاتیک محلی (aUC) یک چالش مهم با نرخ مرگ و میر بالا است. شیمی درمانی مبتنی بر پلاتین به عنوان استاندارد خط مقدم مراقبت باقی می ماند، و یک استراتژی تعویض تعویض با ایمونوتراپی اکنون به عنوان یک استاندارد جدید برای بیماران aUC بدون پیشرفت بیماری، پس از درمان اولیه پلاتین ظاهر شده است. با توجه به چشم انداز درمانی در حال تحول، بررسی الگوهای درمانی ضروری است. در این مطالعه، ما یک مرور نمودار پزشکی گذشته‌نگر از 17 انکولوژیست کانادایی که بیماران مبتلا به aUC را درمان می‌کنند، برای ارزیابی نیازهای برآورده نشده در مراقبت از بیمار aUC کانادا انجام دادیم. داده های 146 نمودار بیمار مورد تجزیه و تحلیل قرار گرفت و بینش های بالینی مهمی را در مورد مدیریت AUC نشان داد. بخش قابل توجهی از بیماران (53٪) با بیماری متاستاتیک de novo مراجعه کردند، که احتمالاً تحت تأثیر اختلالات مراقبتی مرتبط با بیماری همه گیر بود. تنوع در معیارهای واجد شرایط بودن سیس پلاتین مشهود بود، با اکثریت (70٪) انکولوژیست ها از آستانه 50 میلی لیتر در دقیقه استفاده می کردند. اکثر افراد چهار چرخه شیمی درمانی مبتنی بر پلاتین را برای حفظ مغز استخوان برای درمان های آینده و جلوگیری از خستگی بیمار ترجیح می دهند. قابل ذکر است، برخی از بیماران واجد شرایط به جای دریافت درمان نگهدارنده تحت نظر قرار گرفتند، که نشان دهنده شکاف احتمالی در آگاهی در مورد توصیه های مبتنی بر شواهد است. علاوه بر این، مدیریت عوارض جانبی مرتبط با درمان یکی از بزرگترین چالش‌ها در رابطه با ایمونوتراپی نگهدارنده است. در نتیجه، یافته‌های ما اولین نمای کلی از الگوهای درمان aUC در کانادا را پس از تایید ایمونوتراپی نگهدارنده، ارائه بینش‌هایی در مورد فرآیند تصمیم‌گیری و تاکید بر اهمیت دستورالعمل‌های مبتنی بر شواهد در مدیریت بیمار aUC ارائه می‌کند.
10,38380781,در دهه‌های گذشته، تاشو TIM-barrel به‌عنوان یک سیستم مدل برای کاوش در مورد اینکه چگونه تغییرات در توالی‌های پروتئین بر ویژگی‌های ساختاری، پایداری و عملکردی آن‌ها تأثیر می‌گذارد، خدمت کرده است، و علاوه بر این، چگونه می‌توان از این اطلاعات برای طراحی پروتئین‌ها از زمین استفاده کرد. بالا پس از تلاش‌های متعدد برای طراحی پروتئین‌های de novo با این چین خاص، sTIM11 اولین طراحی de novo معتبر از یک بشکه TIM متقارن چهار برابر ایده‌آل بود. تلاش‌های بعدی برای افزایش پایداری این طرح اولیه منجر به توسعه DeNovoTIMs، خانواده‌ای از بشکه‌های de novo TIM با جهش‌های تثبیت‌کننده مختلف شد. در این مطالعه، ما تحقیقی در مورد اثرات بیوفیزیکی و ترمودینامیکی بر روی معرفی تعداد متفاوتی از جهش‌های تثبیت‌کننده در هر سه ماهه در امتداد توالی یک بشکه متقارن چهار برابری ارائه می‌کنیم. ما طراحی پایه DeNovoTIM0 را بدون هیچ گونه جهش تثبیت کننده با انواعی که حاوی جهش در یک، دو، سه و هر چهار چهارم تعیین شده به ترتیب TIM1q، TIM2q، TIM3q و DeNovoTIM6 بودند، مقایسه کردیم. این تجزیه و تحلیل یک تغییر گام به گام و غیرخطی را در خواص ترمودینامیکی نشان داد که با تعداد چهارمات جهش یافته همبستگی داشت و اثرات غیرافزودنی مثبتی را نشان داد. برای روشن کردن اهمیت مکان محله‌های تثبیت‌شده، ما دو نوع TIM2q را مهندسی کردیم که حاوی تعداد مشابهی از جهش‌ها هستند، اما در مکان‌های سه‌گانه مختلف قرار دارند. خصوصیات این گونه‌های TIM2q نشان داد که جهش‌ها اثرات متفاوتی بر پایداری کلی پروتئین، مشروط به منطقه خاصی که در آن معرفی می‌شوند، نشان می‌دهند. این یافته‌ها تاکید می‌کنند که مقدار و مکان رابط‌های تثبیت‌شده در میان چهار چهارم نقش مهمی در شکل‌دهی به ثبات ساختاری این بشکه‌های متقارن چهار برابری TIM دارند. آنالیز پروتئین‌های نو، همانطور که در این مطالعه توضیح داده شد، درک ما را از اینکه چگونه تغییرات توالی می‌توانند به خوبی پایداری را در پروتئین‌های طبیعی و طراحی‌شده محاسباتی تعدیل کنند، افزایش می‌دهد.
11,38377539,قابلیت‌های منحصر به فرد و دقیق پروتئین‌ها به دلیل ویژگی و دامنه کاربردشان مشهور است. تقلید موثر از اتصال پروتئین پتانسیل فریبنده ای برای هدایت توانایی های آنها به سمت کاربردهای مفید ارائه می دهد، اما با این وجود درک این ویژگی رفتار پروتئین در یک ماده مصنوعی بسیار دشوار است. در اینجا، ما مجموعه‌ای از میسل‌های آمفی‌فیل پپتیدی چند جزئی متصل‌شونده به فسفات را به‌صورت تجربی و محاسباتی طراحی، سنتز و ارزیابی می‌کنیم تا بینش‌های طراحی را در مورد چگونگی ترجمه رفتار اتصال پروتئین به مواد مصنوعی به دست آوریم. با قرار دادن موتیف اتصال حلقه P Walker A در این ماده مصنوعی پپتیدی، ما با موفقیت پارامترهای طراحی اتصال به پروتئین پیوند هیدروژنی و برهمکنش الکترواستاتیک را برای اتصال کامل و انتخابی فسفات در این پلت فرم مصنوعی بسیار قابل تنظیم پیاده‌سازی کردیم. علاوه بر این، در این محیط پپتیدی با آرایه متراکم، ما از شبیه‌سازی‌های دینامیک مولکولی برای شناسایی یک تغییر مکانیکی جذاب اتصال که در پروتئین‌های سنتی غیرقابل دسترس است، استفاده می‌کنیم، و دو عنصر طراحی جدید متناظر را معرفی می‌کنیم - انعطاف‌پذیری و به حداقل رساندن از دست دادن آنتروپی به دلیل اتصال یونی، در مواد مصنوعی مشابه پروتئین سپس این عوامل طراحی جدید را به ترجمه می کنیم
12,38377169,کربنیک آنهیدرازها (CAs) به دلیل سادگی محل فعال و سرعت سریع واکنش، اهدافی برای طراحان پروتئین de Novo هستند. اولین تقلید گزارش شده حاوی روی (II) متصل به سه نیتروژن هیستیدین ایمیدازول و یک مولکول آب برون زا بود که از نزدیک اولین کره هماهنگی آنزیم های بومی را تقلید می کرد. Co(II) به دلیل پیکربندی الکترونیکی d7 برای توصیف دقیق تر راه حل، به عنوان یک فلز جایگزین برای بازجویی CA ها عمل کرده است. ما در اینجا Co(II) جایگزین شده [Co(II) (H2O/OH-)] N(TRIL2WL23H) 3n+ را ارائه می کنیم که به طور مشابه با Co(II) جایگزین شده انسان-CAها رفتار می کند. مانند آنالوگ روی (II)، مشتق کبالت در pH کمی پایه قادر به هیدرولیز p-nitrophenylacetate (pNPA) نیست. با این حال، با افزایش pH، فعالیت قابل توجهی ایجاد می شود، که در مقادیر pH بالاتر از 10 در نهایت بازده کاتالیزوری را به همراه دارد که از [Zn(II)(OH-)]N(TRIL2WL23H)3+ فراتر می رود. تجزیه و تحلیل جذب اشعه ایکس با یک گونه هشت وجهی در pH 7.5 سازگار است که با pH 11 به یک گونه مختصات 5 تبدیل می شود. طیف سنجی UV-vis این انتقال را نظارت می کند و مقدار pKa را 10.3 می دهد. ما این تبدیل را به تشکیل یک گونه 5 مختصات Co(II) (Nimid)3(OH)(H2O) اختصاص می دهیم. تجزیه و تحلیل جنبشی وابسته به pH حداکثر نرخ (kcat) و بازده کاتالیزوری (kcat/km) را نشان می‌دهد، از همان پروفایل pH به عنوان تبدیل طیف‌سنجی به گونه‌های پنج‌کوردینات پیروی می‌کند.
13,38361073,اطلاعات موجود در پروتئین‌ها از دنباله‌ای به ساختاری به عملکرد دیگر جریان می‌یابد، و هر مرحله به طور علّی توسط مرحله قبل هدایت می‌شود. طراحی پروتئین بر اساس معکوس کردن این فرآیند است: یک تابع مورد نظر را مشخص کنید، ساختاری را طراحی کنید که این تابع را اجرا می کند، و دنباله ای را پیدا کنید که در این ساختار تا می شود. این «دگم مرکزی» زیربنای تقریباً تمام تلاش‌های جدید طراحی پروتئین است. توانایی ما برای انجام این کارها به درک ما از تاخوردگی و عملکرد پروتئین و توانایی ما برای درک این درک در روش های محاسباتی بستگی دارد. در سال‌های اخیر، رویکردهای مبتنی بر یادگیری عمیق برای مدل‌سازی ساختار کارآمد و دقیق و غنی‌سازی طرح‌های موفق، پیشرفت فراتر از طراحی ساختارهای پروتئینی و به سمت طراحی پروتئین‌های عملکردی را ممکن ساخته است. ما این پیشرفت‌ها را در زمینه‌ی وسیع‌تر طراحی پروتئین کلاسیک de novo بررسی می‌کنیم و پیامدهایی را برای چالش‌های آینده در نظر می‌گیریم، از جمله قابلیت‌های اساسی مانند طراحی توالی و ساختار و کنترل ساختاری با در نظر گرفتن انعطاف‌پذیری، و اهداف عملکردی مانند طراحی آنتی‌بادی و آنزیم.
14,38357862,آنزیم‌ها زیست‌کاتالیست‌های ضروری برای کاربردهای صنعتی متعدد هستند، اما پایداری، انتخاب‌پذیری و شناسایی محدود بستر محدودیت‌هایی را برای استفاده از آن‌ها ایجاد می‌کند. علیرغم اهمیت مهندسی آنزیم در غلبه بر این محدودیت ها، موفقیت اغلب با معماری پیچیده آنزیم های مشتق شده از منابع طبیعی به چالش کشیده می شود. پیشرفت‌های اخیر در روش‌های محاسباتی، طراحی de novo داربست‌های ساده شده با مکان‌های کاربردی خاص را امکان‌پذیر کرده است. چنین داربست هایی ممکن است به عنوان پلتفرم هایی برای مهندسی آنزیم مفید باشند. در اینجا، ما یک استراتژی برای طراحی de novo یک داربست ساده شده از endo-α- ارائه می کنیم.
0,38455212,اثربخشی تجویز دوزهای بالای ویتامین D به بیماران مبتلا به کووید-19 نامشخص است. ما از ابتدا تا آگوست 2022، بدون هیچ محدودیتی در زبان، در بین پایگاه‌های اطلاعاتی متعدد (PubMed، EMBASE، کتابخانه کاکرین، و ISI Web of Science) جستجوی جامع انجام دادیم تا کارآزمایی‌های تصادفی‌سازی و کنترل‌شده (RCTs) را که تأثیر دوز بالا را بررسی می‌کردند، بیابیم. مکمل ویتامین D (تعریف شده به عنوان یک دوز ≥100000 IU یا دوز روزانه ≥10000 IU که به دوز کلی ≥100000 IU می رسد) در بیماران COVID-19. نسبت های ریسک (RR) با فاصله اطمینان 95% (CI) و میانگین وزنی تفاوت ها (WMD) با فاصله اطمینان 95% محاسبه شد. متاآنالیز ما شامل 5 RCT با مجموع 834 بیمار بود. مکمل ویتامین D با دوز بالا هیچ مزیت قابل توجهی برای مرگ و میر نشان نداد.
1,38451442,چندین ماده مغذی در تقویت سیستم ایمنی و حفظ یکپارچگی ساختاری موانع بافت بدن بسیار مهم هستند. ویتامین D (VD) و روی (Zn) به دلیل خواص تعدیل کننده ایمنی و توانایی آنها در تقویت دفاع ایمنی بدن مورد توجه قابل توجهی قرار گرفته اند. به دلیل خواص ضد ویروسی، ضد التهابی، آنتی اکسیدانی و تعدیل کننده ایمنی، دو نیروگاه تغذیه ای VD و Zn برای ایمنی ذاتی و تطبیقی ​​بسیار مهم هستند. همانطور که در COVID-19 مشاهده شد، کمبود این ریزمغذی‌ها پاسخ‌های ایمنی را مختل می‌کند و حساسیت به عفونت‌های ویروسی و بیماری‌های شدید را افزایش می‌دهد. اطمینان از دریافت کافی VD و Zn به عنوان یک استراتژی امیدوارکننده برای تقویت سیستم ایمنی ظاهر می شود. آزمایشات بالینی در حال انجام به طور فعال در حال بررسی مزایای بالقوه درمانی آنها هستند. فراتر از زمینه فوری همه‌گیری، این ریزمغذی‌ها ابزارهای ارزشمندی برای تقویت ایمنی و رفاه کلی، به‌ویژه در مواجهه با تهدیدات ویروسی آتی ارائه می‌دهند. این تجزیه و تحلیل بر اهمیت پایدار VD و Zn به عنوان اقدامات درمانی و پیشگیرانه در برابر چالش های ویروسی بالقوه فراتر از بحران سلامت فعلی تأکید می کند. بررسی اجمالی به پتانسیل تعدیل کننده ایمنی VD و Zn در مبارزه با عفونت های ویروسی، با توجه خاص به اثرات آنها بر حیوانات می پردازد. این یک خلاصه جامع از یافته‌های تحقیقات فعلی در مورد تأثیرات فردی و هم افزایی آنها بر عملکرد سیستم ایمنی ارائه می‌کند و بر پتانسیل آنها در درمان و پیشگیری از عفونت‌های ویروسی تأکید می‌کند. به طور کلی، این مرور کلی بر نیاز به تحقیقات بیشتر برای درک اینکه چگونه VD و Zn می‌توانند پاسخ ایمنی را در مبارزه با بیماری‌های ویروسی در حیوانات تعدیل کنند، تاکید می‌کند.
2,38450231,
3,38434628,
4,38431492,
5,38400105,"پیش زمینه: اشتراکات ساختاری و عملکردی بین ویروس فلج اطفال و سندرم حاد تنفسی ویروس کرونا 2 (SARS-CoV-2) نشان می دهد که تلقیح ویروس فلج اطفال ممکن است آنتی بادی هایی را القا کند که بیماری کروناویروس (COVID-19) را کاهش می دهد. هیچ مطالعه شناخته شده ای عوامل خطر COVID-19 را در بزرگسالانی که اخیراً علیه ویروس فلج اطفال واکسینه شده اند ارزیابی نکرده است.
هدف مطالعه: در میان بزرگسالان بدون سابقه عفونت COVID-19 یا واکسیناسیون، که اخیراً واکسن فلج اطفال غیرفعال (IPV) را دریافت کرده‌اند، ما به دنبال تعیین عوامل بیولوژیکی و تعیین‌کننده‌های اجتماعی سلامت (SDOH) بودیم که ممکن است با آزمایش (1) مرتبط باشد. مثبت بودن SARS-CoV-2، (2) تجربه علائم COVID-19، و (3) طول مدت طولانی تر علائم COVID-19.
روش‌ها: تأثیر عوامل بیولوژیکی و SDOH بر عفونت SARS-CoV-2 و علائم COVID-19 در بین 282 بزرگسالی که اخیراً با IPV تلقیح شده‌اند مورد ارزیابی قرار گرفت. نظرسنجی های گزارش شده از سوی شرکت کنندگان طی 12 ماه پس از ثبت نام مورد تجزیه و تحلیل قرار گرفت. مدل‌های رگرسیون خطی و لجستیک دو متغیره و چند متغیره، ارتباط بین متغیرها و پیامدهای COVID-19 را شناسایی کردند.
نتایج: با تنظیم واکسیناسیون کووید-19، انواع مختلف و سایر SDOH، تجزیه و تحلیل های ثانویه نشان داد که شرایط زمینه ای، اشتغال، ویتامین D، تحصیلات، و واکسیناسیون خوراکی ویروس فلج اطفال (OPV) با پیامدهای COVID-19 مرتبط است. شانس مثبت بودن تست SARS-CoV-2 و تجربه علائم در بین شرکت کنندگانی که ویتامین D مصرف کرده بودند به طور قابل توجهی کاهش یافت (به ترتیب OR 0.12 و OR 0.09). شرکت کنندگان بیکار یا پاره وقت در مقایسه با کارگران تمام وقت 72 درصد کمتر احتمال داشت که آزمایش مثبت شوند. بدون دوز قبلی OPV یکی از قوی ترین پیش بینی کننده های عفونت SARS-CoV-2 (OR 4.36) و علائم COVID-19 (OR 6.95) بود.
نتیجه‌گیری: یافته‌ها نشان می‌دهد که اقدامات پیشگیرانه و ایمنی مخاطی ممکن است خطر و شدت پیامدهای COVID-19 را کاهش دهد. مطالعات در مقیاس بزرگتر ممکن است به سیاست های آینده کمک کند."
6,38399417,پیشرفت عفونت SARS-CoV-2 با نرخ بستری شدن در بیمارستان 20٪ مرتبط است. حساسیت به عفونت SARS-CoV-2 با افزایش سن افزایش می یابد و در نتیجه اشکال بالینی شدید و غیر معمول این بیماری ایجاد می شود. شدت عفونت SARS-CoV-2 در جمعیت مسن را می توان به عوامل مختلفی نسبت داد، از جمله بیان بیش از حد گیرنده های آنزیم مبدل آنژیوتانسین 2 (ACE2)، ایمن سازی، و تغییرات در میکروبیوتای روده که طوفان سیتوکین را تسهیل می کند. در پرتو این مشاهدات، ما یک تحلیل گذشته‌نگر بر اساس داده‌های جمع‌آوری‌شده آینده‌نگر بین ۲۳ دسامبر ۲۰۲۱ تا ۳۰ آوریل ۲۰۲۲ (موج چهارم عفونت SARS-CoV-2) انجام دادیم. ما بیماران بالای 60 سال را که در یک بیمارستان شهرستانی در رومانی بستری بودند، تجزیه و تحلیل کردیم. هدف اولیه مطالعه ما ارزیابی عوامل خطر برای یک پیامد نامطلوب بود، در حالی که هدف ثانویه ارزیابی ویژگی‌های بالینی و پایه بیماران ثبت‌نام شده بود. ما 287 مورد را با پرونده پزشکی الکترونیکی کامل از این گروه از بیماران در دسترس قرار دادیم. هدف ما ارزیابی گذشته نگر گروهی متشکل از 127 بیمار بود که متأسفانه به سمت یک پیامد نامطلوب در مقابل 160 بیمار با نتیجه مطلوب پیشرفت کردند. ما از مقیاس ترکیبی ترتیبی شدت استفاده کردیم که مقیاس ترتیبی WHO و درجات التهاب را برای ارزیابی شدت بیماران در زمان ارزیابی اولیه ترکیب می‌کند. گروه سنی بین 70 تا 79 سال با 61-48 نفر از بیماران فوت شده بیشترین درصد را داشتند. ما تفاوت آماری معنی‌داری را بین گروه‌های مرتبط با سایر بیماری‌های قلبی عروقی، وضعیت تغذیه، بیماری‌های هماتولوژیک، سایر اختلالات عصبی/روانی یا گوارشی و سایر بیماری‌های همراه مشاهده کردیم. با توجه به وضعیت تغذیه بیماران، نتایج نامطلوب آماری معنی‌داری برای همه گروه‌های سنی و بیماران با BMI بیش از 30 کیلوگرم در مترمربع وجود داشت.
7,38398782,ویتامین D، یک هورمون استروئیدی که عمدتاً در پوست پس از قرار گرفتن در معرض اشعه ماوراء بنفش سنتز می‌شود، به طور گسترده در جمعیت‌های جهانی کمبود دارد. این مطالعه با هدف پر کردن شکاف داده‌ها در رومانی غربی با اندازه‌گیری سطوح 25 هیدروکسی ویتامین D در گروهی از 7141 نفر از شهرستان آراد انجام شد. مشاهده شد که زنان، افراد جوان (29-18 سال) و افراد مسن (70-79 سال) به طور قابل توجهی سطوح ویتامین D کمتری نسبت به جمعیت متوسط ​​داشتند. علاوه بر این، افزایش سطح ویتامین D در طول چهار سال 2018-2022، مصادف با همه‌گیری COVID-19 وجود داشت. تحقیقات ما داده‌های تازه‌ای را در مورد افرادی که بیشتر در معرض کمبود ویتامین D هستند ارائه می‌دهد و زمینه را برای کمپین‌های آموزشی در مورد مزایای مکمل ویتامین D فراهم می‌کند.
8,38398719,ویروس SARS-CoV-2 ممکن است باعث عفونت شدید شود که با تظاهرات بالینی متنوعی همراه است. ویتامین D دارای خواص تعدیل کننده ایمنی است و ممکن است سیستم دفاعی بدن را در برابر موجودات بیماری زا مهاجم تقویت کند. هدف ارزیابی 25(OH)D بود
9,38396804,"برخلاف سایر ویتامین ها، ویتامین D3 در سلول های پوست بدن سنتز می شود. ویتامین D3 به عنوان یک هورمون مرتبط با استخوان شناخته شده است. اما اخیراً به عنوان یک ویتامین ایمنی در نظر گرفته شده است. کمبود ویتامین D3 بر بروز انواع بیماری ها تأثیر می گذارد. ویتامین D3 تولید سیتوکین های پیش التهابی مانند فاکتور نکروز تومور-α (TNF-α) را از طریق اتصال به گیرنده های ویتامین D (VDRs) در سلول های ایمنی تنظیم می کند. از آنجایی که سطوح خونی ویتامین D3 (25-OH-D3) در بیماران مبتلا به بیماری کروناویروس 2019 (COVID-19) کم بود، علاقه فزاینده ای به اهمیت ویتامین D3 برای حفظ وضعیت سالم وجود داشته است. از سوی دیگر، فیتوکمیکال ها ترکیباتی هستند که از گیاهان با بیش از 7000 رقم به دست می آیند و دارای فعالیت های بیولوژیکی مختلفی هستند. آنها عمدتاً اثرات ارتقاء سلامتی دارند و به عنوان ترپنوئیدها، کاروتنوئیدها، فلاونوئیدها و غیره طبقه بندی می شوند. فلاونوئیدها به عنوان ترکیبات ضد التهابی شناخته می شوند که تولید TNF-α را کنترل می کنند. التهاب مزمن با تولید مداوم TNF-α ایجاد می شود و عامل اساسی بیماری هایی مانند چاقی، دیس لیپیدمی، دیابت، بیماری های قلبی و مغزی، بیماری های خود ایمنی، بیماری آلزایمر و سرطان است. علاوه بر این، روند پیری ناشی از التهاب مزمن است. این بررسی اثرات مشترک ویتامین D3 و فیتوکمیکال‌ها را در سرکوب پاسخ‌های التهابی، چگونگی تعادل پاسخ ایمنی طبیعی و ارتباط آن با اثرات ضد پیری را توضیح می‌دهد. علاوه بر این، ویتامین D3 و فیتوکمیکال‌ها با کار با ژن‌های مرتبط با پیری به طور هم‌افزایی به ضد پیری کمک می‌کنند. علاوه بر این، پیشگیری از فرآیندهای پیری ناشی از التهاب مزمن مستلزم حفظ میکروبیوتای سالم روده است که با عادات غذایی روزانه مرتبط است. در این راستا، مکمل ویتامین D3 و فیتوکمیکال ها نقش مهمی ایفا می کند. اخیراً ارتباط پیشگیری از وضعیت غیر بیماری به نام ""ME-BYO"" با حفظ یک وضعیت سالم یک رژیم جذاب بوده است و اثر ضد پیری مورد بحث در اینجا برای یک زندگی سالم و طولانی مهم است."
10,38390960,زیست شناسی رشد به طور پیچیده توسط اپی ژنتیک و متابولیسم تنظیم می شود، اما مکانیسم ها به طور کامل درک نشده اند. در بیماری هایی که هر سه پدیده بی نظم هستند، وضعیت حتی پیچیده تر می شود. یک مثال بارز کووید-19 است که در آن تعداد مرگ و میرها در 4 سال از 6.96 میلیون نفر فراتر رفت، در حالی که ویروس همچنان به انواع مختلف جهش می یابد و افراد را مبتلا می کند. شواهد اولیه در طول همه گیری نشان داد که پاسخ های ایمنی و التهابی میزبان به COVID-19 (مانند طوفان سیتوکین) بر متابولیسم میزبان تأثیر می گذارد و باعث آسیب به اندام های میزبان و فیزیولوژی کلی می شود. دخالت آنزیم مبدل آنژیوتانسین 2 (
11,38383361,"پس زمینه: مکمل ویتامین D برای بیماری های عفونی مورد بحث قرار گرفته است، اما نقش آن در COVID-19 نامشخص است. بنابراین، این مطالعه نتایج بالینی بیماران مبتلا به ذات الریه COVID-19 را که مکمل ویتامین D دریافت کردند، مورد بررسی قرار داد.
روش‌ها: این کارآزمایی تصادفی‌سازی شده آینده‌نگر، برچسب باز، بین ژوئیه 2020 و مارس 2022 در بیمارستانی دانشگاهی انجام شد. معیارهای ورود، بیماران 18 ≥ سال مبتلا به پنومونی COVID-19 بود. بیماران به طور تصادفی به دو گروه تقسیم شدند: یک گروه مداخله که مکمل ویتامین D (آلفاکلسیدول، دو میکروگرم خوراکی روزانه) تا زمان ترخیص دریافت می کرد و یک گروه کنترل. پیامدهای بالینی شامل مدت درمان پنومونی، مدت بستری در بیمارستان و تغییر در شاخص شدت پنومونی بین ثبت نام و ترخیص بود. تجزیه و تحلیل زیر گروه برای استفاده از اکسیژن مکمل، تجویز کورتیکواستروئید با دوز بالا، شواهد لنفوپنی، غلظت پروتئین واکنش‌گر C و غلظت کل ویتامین D سرم انجام شد. عوارض جانبی تحت نظارت قرار گرفت.
نتایج: دویست و نود و چهار بیمار (147 در هر گروه) انتخاب شدند. دو گروه از نظر مدت درمان پنومونی تا ترخیص (788/0 =p) یا مدت بستری در بیمارستان (614/0= p) تفاوتی نداشتند. کاهش شاخص شدت پنومونی بین ثبت نام و ترخیص در گروه مداخله معنی دارتر بود (007/0 =p). همچنین کاهش قابل توجهی در بین بیمارانی مشاهده شد که پروتئین واکنشی C > 30 میلی گرم در لیتر داشتند (001/0p <). هیچ واکنش نامطلوبی ثبت نشد.
نتیجه‌گیری: افزودن ویتامین D فعال به درمان استاندارد ممکن است برای بیماران مبتلا به ذات‌الریه COVID-19 که به اکسیژن مکمل یا درمان با کورتیکواستروئید با دوز بالا نیاز دارند یا دارای غلظت پروتئین واکنش‌گر C بالا (بیش از 30 میلی‌گرم در لیتر) در شروع درمان هستند، مفید باشد.
ثبت کارآزمایی: ثبت کارآزمایی‌های بالینی تایلندی TCTR20210906005 (به‌طور گذشته در 6 سپتامبر 2021 ثبت شد)."
12,38363530,در این مقاله، ما فاکتورهای تبدیل (CF) را برای محاسبه تابش بیولوژیکی موثر (BEI) از تابش اریتمی برای سه اثر توصیف می‌کنیم: فتوسنتز پروویتامین D3، بهبود پسوریازیس، و غیرفعال کردن ویریون‌های SARS-Cov-2. CFها به طور تجربی از اندازه‌گیری تابش طیفی فرابنفش خورشیدی (UV) در تمام شرایط آسمان در چهار سایت عرض جغرافیایی میانی در نیمکره شمالی، یعنی آئوستا، بلسک، ریدینگ و سن دیگو به دست آمدند. مشخص شد که این CFها به زاویه اوج خورشیدی (SZA) و ازن کل ستون بستگی دارند، اما تا حد زیادی مستقل هستند (در محدوده ± 5٪ برای SZA < 60 درجه) از شرایط محلی مانند آلبدو سطح، دید و سایر الگوهای جوی محلی. مقادیر این CFهای تجربی با CFهای تحلیلی به دست آمده با محاسبات انتقال تابشی (مدل FastRT) برای شرایط آسمان صاف و ابری سازگار است. برای اعتبارسنجی این CFهای تحلیلی، قرار گرفتن در معرض تابشی یک ساعته برای سه اثر بیولوژیکی از اندازه‌گیری‌های اریتمی در Reading بین سال‌های 2012 و 2021 محاسبه شد و با نوردهی‌های مشابه محاسبه‌شده مستقیماً از اندازه‌گیری‌های طیفی UV مقایسه شد. دو مجموعه داده در 10٪ برای SZA < 65 درجه توافق کردند، که سودمندی روش تبدیل را نشان می دهد. این نتایج نشان می‌دهد که CFs تحلیلی پیشنهادی می‌تواند با اطمینان برای تخمین قرار گرفتن در معرض تابش برای سه اثر بیولوژیکی از اندازه‌گیری‌های شاخص UV در هر سایت عرض جغرافیایی میانی شمالی استفاده شود.
13,38352796,"زمینه و هدف: کمبود ویتامین D (VDD) یک مشکل بهداشت عمومی جهانی در جمعیت های آفریقایی است. این مطالعه با هدف تعیین شیوع، ویژگی‌ها و عوامل تعیین‌کننده VDD در عصر SARS-CoV-2/COVID-19 انجام شد. این مطالعه از ژانویه تا سپتامبر 2022 در هفت مرکز بهداشتی در دوآلا، کامرون انجام شد.
روش‌ها: برای جمع‌آوری اطلاعات شرکت‌کنندگان، یک پرسشنامه ساختاریافته و از پیش آزمایش‌شده برای هر شرکت‌کننده اجرا شد. تشخیص مولکولی ژنوم SARS-CoV-2 انجام شد. سطح سرمی 25-هیدروکسی ویتامین D < 20 ng/mL برای تشخیص VDD استفاده شد.
نتایج: در مجموع 420 شرکت‌کننده در مطالعه وارد شدند. سطح سرمی 25(OH) ویتامین D در بیماران SARS-CoV-2 (+) در مقایسه با بیماران SARS-CoV-2 (-) کاهش یافت (5.64±21.69 ng/mL).
نتیجه‌گیری: این مطالعه بار بالای VDD را مشخص کرد، یک ارتباط قوی بین VDD و SARS-CoV-2، و سودمندی احتمالی مکمل ویتامین D را برای بیماران COVID-19 در کامرون نشان داد."
14,38344501,در این مورد، ما در مورد مشکلات و چالش‌هایی که هنگام تشخیص و درمان یک پسر شش ساله با رفتارهای غیرعادی و مشکل در تمرکز و بی‌توجهی و به دنبال آن پسرفت زبان بیانی با آن مواجه است، صحبت می‌کنیم. این علائم سپس بیش فعالی، حملات خشم و مشکل در خواب را به دنبال داشت. بیمار توسط یک روانپزشک ویزیت شد و در ابتدا با تشخیص اختلال نقص توجه/بیش فعالی (ADHD) و بدون بهبودی درمان شد. سپس توسط روانپزشکش به او توصیه شد که به یک متخصص مغز و اعصاب مراجعه کند و تحت یک سری تحقیقات قرار گرفت که شامل موارد زیر بود: MRI مغز با کنتراست، طیف‌سنجی تشدید مغناطیسی (MR)، روتین مایع مغزی نخاعی (CSF)، CSF N-methyl-D-aspartate. تجزیه و تحلیل آنتی بادی آنتی بادی گیرنده (NMDA) و گلوتامات دکربوکسیلاز (GAD)، و یک واکنش زنجیره ای پلیمراز مولتی پلکس مننژیت CSF، عملکرد تیروئید، آمونیاک، لاکتات، کراتین کیناز، عملکرد کبد، و غربالگری متابولیک اسیدهای آلی ادرار (UOAs) هیچ ناهنجاری را نشان نداد. ویتامین D در 38 نانوگرم در میلی لیتر (>50) کم بود. الکتروانسفالوگرام (EEG) که در شرایط استاندارد و تحریک تحریک‌آمیز انجام شد، با ترشحات مرکزی و جلویی دو طرفه و فعالیت بیشتر در سمت راست غیرطبیعی بود، که فعالیت پس‌زمینه‌ای از امواج آلفای نسبتاً سازمان‌یافته (8 تا 13 هرتز) و موج‌های تیز و آهسته را نشان داد. فعالیت هایی که با تحریک نوری برجسته می شدند. پلی سومنوگرافی راندمان خواب ضعیف 84.7٪ را نشان داد و مرحله حرکت سریع چشم (REM) به دلیل وقفه در خواب انجام نشد. سپس تشخیص داده شد که او مبتلا به آنسفالوپاتی صرعی و سندرم لاندو-کلفنر (LKS) است. به بیمار والپروات سدیم، ایمونوگلوبولین داخل وریدی (IVIG) و استروئیدهای نبض تجویز شد، بدون هیچ بهبود عمده، ریسپریدون اضافه شد، اما تحمل ضعیفی داشت، و دوز کاهش یافت و در نهایت قطع شد. متیل فنیدات با شروع 5 میلی گرم تجویز شد و دوز به تدریج به 20 میلی گرم در روز به صورت جداگانه به عنوان 10 میلی گرم دو بار در روز افزایش یافت. یک هفته بعد ملاتونین 2 میلی گرم اضافه شد. سه ماه بعد EEG تکرار شد و طبیعی بود و سدیم والپروات کاهش یافت و در نهایت قطع شد. بعداً در همان سال، او به کووید-19 مبتلا شد و به عنوان یک عارضه به میوزیت حاد مبتلا شد، متیل فنیدات متوقف شد و فقط سرترالین و ملاتونین ادامه یافت. MRI فقط این بار تکرار شد و شواهدی از آنسفالیت ویروسی/خودایمنی (AIE) را نشان داد و کورتیکواستروئیدهای IV در کنار IVIG تجویز شد. او با پردنیزولون مرخص شد و یک ماه بعد، پیشرفت های عمده ای در همه جنبه ها مشاهده شد.
0,38433831,"پس‌زمینه: واکسیناسیون علیه کووید-19 در پیشگیری از بیماری شدید و بستری شدن در بیمارستان بسیار مؤثر است، اما برنامه‌های واکسیناسیون mRNA اولیه COVID-19 اغلب به دلیل مشکلات زنجیره تأمین با برنامه‌های واکسیناسیون اولیه COVID-19 متفاوت است. ما تأثیر تأخیر دوز دوم را بر پاسخ آنتی‌بادی به واکسن‌های mRNA COVID در گروهی آینده‌نگر از کارکنان مراقبت‌های بهداشتی در کبک بررسی کردیم.
روش‌ها: ما شرکت‌کنندگانی را از مرکز بهداشت دانشگاه مک‌گیل که سرم یا نمونه‌های خون خشک (DBS) جمع‌آوری‌شده توسط شرکت‌کنندگان را در ۲۸ روز، ۳ ماه، و ۶ ماه پس از دوز دوم و ۲۸ روز پس از دوز سوم ارائه کردند، انتخاب کردیم. آنتی‌بادی‌های IgG به اسپایک SARS-CoV2 (S)، دامنه اتصال گیرنده (RBD)، نوکلئوکپسید (N) و آنتی‌بادی‌های خنثی‌کننده سویه اجدادی با استفاده از روش ایمونوسوربنت مرتبط با آنزیم (ELISA) ارزیابی شدند. ما ارتباط بین فواصل دوز طولانی (≤89 روز) در مقابل کوتاه (کمتر از 89 روز) فواصل بین دوز و پاسخ آنتی بادی را از طریق مدل‌های چند متغیره با اثرات مختلط که برای سن، جنس، وضعیت عفونت قبلی کووید، زمان پس از دوز واکسن و دسته آزمایش تنظیم شده بود، بررسی کردیم.
یافته ها: گروه شامل 328 شرکت کننده بود که تا سه دوز واکسن (بیش از 80 درصد Pfizer-BioNTech) دریافت کردند. میانگین وزنی سرم (744=n) و نتایج همگروهی DBS (216=n) از مدل‌های چند متغیره نشان داد که IgG anti-S 31% بالاتر بود (95% CI: 12% تا 53%) و IgG anti-RBD 37% بیشتر (95% CI: 14% تا 65%) در طولانی مدت
تفسیر: مطالعه ما نشان می دهد که افزایش فاصله بین دوزهای سری اولیه کووید بیش از 89 روز (تقریباً 3 ماه) پاسخ های آنتی بادی قوی تری نسبت به فواصل کمتر از 89 روز ارائه می دهد. نشان دادن پاسخ آنتی‌بادی قوی‌تر ما با فاصله زمانی طولانی‌تر بین دوز، اطمینان‌بخش است، زیرا چالش‌های لجستیکی و تامین در تنظیمات کم منبع هدایت می‌شوند."
1,38429829,ویروس آبله میمون انسانی (Mpox) به عنوان یکی از اعضای خانواده Poxviridae طبقه بندی می شود و متعلق به جنس Orthopoxvirus است. Mpox دارای DNA دو رشته ای است و دو کلاد ژنتیکی شناخته شده وجود دارد: آنهایی که در غرب آفریقا و حوضه کنگو منشاء می گیرند که معمولاً به عنوان کلادهای آفریقای مرکزی شناخته می شوند. امپوکس ممکن است با واکسیناسیون واکسینیا یا داروهای درمانی درمان شود. اصلاح واکسن آبله برای درمان و پیشگیری از Mpox نشان داده است که به دلیل ارتباط قوی بین ویروس‌های آبله و Mpox و طبقه‌بندی آنها در یک خانواده مفید است. محافظت متقابل در برابر Mpox با دو واکسن آبله (ACAM2000 و JYNNEOSTM) مورد تایید سازمان غذا و دارو (FDA) موثر است. با این حال، ACAM2000 پتانسیل عوارض جانبی قابل توجهی مانند مشکلات قلبی را دارد، در حالی که JYNNEOS پروفایل خطر کمتری دارد. علاوه بر این، Mpox به دلیل قطع و توقف واکسن آبله به مدت 40 سال، اگرچه با ویژگی‌های اصلاح‌شده، توانسته است دوباره ظاهر شود. ایمنی و کارایی دو واکسن mRNA پیشرو علیه SARS-CoV-2 و انواع مختلف آن در آزمایش‌های بالینی و تجزیه و تحلیل داده‌های بعدی نشان داده شده است. این اولین مدل درمانی mRNA شامل تزریق RNA پیام رسان به بیماران برای تولید پروتئین های هدف و ایجاد یک پاسخ ایمنی است. قدرت بالا، امکان تجویز ایمن، ساخت کم هزینه و توسعه سریع تنها تعدادی از مزایای واکسن های مبتنی بر RNA است که راه را برای جایگزینی مناسب برای واکسن های معمولی هموار می کند. هنگام محافظت در برابر عفونت Mpox، واکسن‌های mRNA بسیار کارآمد هستند و ممکن است روزی جایگزین واکسن‌های کامل ویروس فعلی شوند. بنابراین، هدف این مقاله ارائه خلاصه ای از تحقیقات، توسعه و آزمایش در حال انجام یک واکسن mRNA علیه Mpox است.
2,38405539,همه‌گیری COVID-19 باعث توسعه سریع واکسن‌های mRNA (اسید ریبونوکلئیک پیام‌رسان) و روش‌های درمانی جدید مبتنی بر RNA شد. با این حال، نرخ تایید برای نامزدها دارای پتانسیل افزایش است، با تعداد قابل توجهی که تاکنون به دلیل اثربخشی، ایمنی، و نقص‌های تولید شکست خورده‌اند، که مانع توزیع عادلانه واکسن در طول همه‌گیری می‌شود. این مطالعه بر روی بهینه‌سازی تولید mRNA، یک جزء حیاتی واکسن‌های مبتنی بر mRNA، با استفاده از یک ماشین مقیاس‌پذیر با بررسی مکانیسم‌های کلیدی mRNA تمرکز دارد.
3,38403905,واکسن‌های RNA پیام‌رسان (mRNA) در چند دهه گذشته از یک مفهوم نظری به یک واقعیت بالینی پیشرفت کرده‌اند. در مقایسه با روش‌های واکسیناسیون مرسوم، این واکسن‌ها دارای مزایای متعددی مانند قدرت قابل توجه، رشد سریع، تولید ارزان و تجویز ایمن هستند. با این وجود، سودمندی آنها به دلیل نگرانی در مورد گردش نامنظم و بی اثر mRNA در داخل بدن محدود شده بود. خوشبختانه، این نگرانی‌ها تا حد زیادی با پیشرفت‌های تکنولوژیکی اخیر که منجر به ایجاد پلتفرم‌های واکسیناسیون mRNA متعدد برای سرطان و عفونت‌های ویروسی شده است، برطرف شده است. واکسن‌های mRNA به دلیل قدرت، ایمنی و کارایی بالا، ظرفیت توسعه سریع بالینی و پتانسیل برای تولید سریع و کم‌هزینه، جایگزین قدرتمندی برای واکسن‌های مرسوم سنتی نشان داده شده‌اند. این مقاله وضعیت فعلی فناوری واکسن mRNA را بررسی می‌کند و مسیرهای آینده را برای پیشرفت و کاربرد این پلت فرم واکسن هیجان‌انگیز به عنوان یک انتخاب درمانی رایج پیشنهاد می‌کند.
4,38388635,همه‌گیری کووید-19 باعث ظهور مجدد پلتفرم‌های واکسن RNA مصنوعی شد که امکان ساخت سریع، مقیاس‌پذیر، کم‌هزینه و تجویز ایمن واکسن‌های درمانی را فراهم کرد. mRNA خودتقویت شونده (SAM) که پس از تحویل به سیتوپلاسم سلولی خود تکثیر می شود، منجر به یک پاسخ ایمنی قوی و پایدار می شود. چنین mRNA هایی در داخل نانوذرات لیپیدی (LNPs) محصور می شوند که به عنوان وسیله ای برای تحویل به سیتوپلاسم سلول عمل می کنند. درک بهتر مکانیسم‌های جذب و آزادسازی SAM با واسطه LNP در انواع مختلف سلول‌ها برای طراحی واکسن‌های مؤثر حیاتی است. در اینجا، ما جذب سلولی یک فرمول SAM-LNP و بیان درون سلولی متعاقب آن SAM را در سلول‌های کلیه بچه همستر (BHK-21) با استفاده از میکروسکوپ پراکندگی رامان ضد استوکس (HS-CARS) و طول عمر تصویربرداری فلورسانس برانگیخته با چند فوتونی بررسی کردیم. میکروسکوپ (FLIM). خطوط لوله طبقه‌بندی سلولی بر اساس ویژگی‌های HS-CARS و FLIM برای به دست آوردن بینش‌هایی در مورد تغییرات طیفی و متابولیکی مرتبط با جذب SAM-LNPs توسعه داده شد. ما شدت چربی بالا را با روش HS-CARS در سلول‌های تیمار شده با LNPs در مقابل سلول‌های تیمار شده با PBS مشاهده کردیم، و تصاویر فلورسانس همزمان بیان SAM را در داخل هسته‌های سلولی BHK-21 و سیتوپلاسم در عرض 5 ساعت پس از درمان نشان داد. در یک آزمایش جداگانه، ما یک همبستگی قوی بین بیان SAM و میانگین طول عمر فلورسانس جمعیت NAD (P)H محدود مشاهده کردیم. این کار توانایی و اهمیت تکنیک‌های تصویربرداری نوری چندوجهی را برای ارزیابی جذب سلولی SAM-LNP و تغییرات بعدی که در ریزمحیط سلولی پس از بیان واکسن رخ می‌دهد، نشان می‌دهد.
5,38383978,اورژانس پزشکی کووید-19 فناوری واکسن mRNA را در خط مقدم قرار داد که در آن واکسن‌های mRNA کاندید mRNA-1273 و BNT162b2 کارایی عالی و بیش از 90 درصد در محافظت در برابر عفونت‌های SARS-CoV2 نشان دادند. اختلالات ژنتیکی نادر به طور جداگانه نادر هستند، اما در مجموع آنها شایع هستند و نشان دهنده یک اورژانس پزشکی هستند. در فناوری بیوتراپی mRNA، تجویز یک فرمولاسیون نانوذره mRNA کد کننده پروتئین درمانی اجازه می دهد تا
6,38383578,AKS-452، یک واکسن زیرواحد شامل ادغام Fc از نوع وحشی اجدادی (WT) ویروس SARS-CoV-2 دامنه اتصال گیرنده پروتئین اسپایک (SP/RBD)، بدون ادجوانت در یک گروه واحد، غیرتصادفی ارزیابی شد. مطالعه فاز دوم با برچسب باز (NCT05124483) در یک سایت واحد در هلند برای ایمنی و ایمنی. یک دوز تقویت کننده زیر جلدی 90 میکروگرمی AKS-452 به 71 بزرگسال که قبلاً با واکسن ثبت شده مبتنی بر mRNA یا آدنوویروس در ابتدا آماده شده بودند، تجویز شد و به مدت 273 روز مورد ارزیابی قرار گرفت. همه AEها خفیف بودند و هیچ SAE قابل انتساب به AKS-452 نبود. در حالی که همه آزمودنی‌ها تیترهای IgG مهارکننده ACE2 و اتصال SP/RBD از قبل را نشان دادند، 60 تا 68 درصد به AKS-452 از طریق افزایش ≥2 برابری از روزهای 28 تا 90 پاسخ دادند و به تدریج تا روز 180 (روز 28) به حالت اولیه کاهش یافتند. و 90 میانگین افزایش برابری، 14.7 ± 6.3 و 8.0 ± 2.2). سینتیک پاسخ مشابهی در برابر پروتئین های جهش یافته RBD (از جمله omicrons) مشاهده شد اما با تیترهای کمی کاهش یافته نسبت به WT. یک همبستگی معکوس قوی بین تیترهای روز 0 و افزایش برابری تیترها در روز 28 وجود داشت. تیترهای پروتئین نوکلئوکپسید (Np) نشان می‌دهد که عفونت در 66٪ (46 از 70) افراد رخ داده است، که در آن تنها 20 نفر COVID-19 با علامت خفیف گزارش کردند. این پروفایل‌های ایمنی و ایمنی مطلوب، از ارزیابی تقویت‌کننده در یک مطالعه تقویت‌کننده جهانی برنامه‌ریزی‌شده فاز III این واکسن پایدار در دمای اتاق پشتیبانی می‌کنند که می‌تواند به سرعت و با هزینه کم برای ارائه واکسیناسیون در مقیاس جهانی بدون نیاز به توزیع پیچیده یا زنجیره سرد تولید شود.
7,38380318,ویروس واکسینیا اصلاح شده آنکارا یک ناقل واکسن همه کاره است که برای انتقال تراریخته مناسب است و دارای مشخصات ایمنی عالی است. با این حال، تراریخته‌های خاص MVA نوترکیب (rMVA) را از نظر ژنتیکی ناپایدار می‌کنند که منجر به تجمع rMVA جهش‌یافته با اختلال در بیان تراریخته می‌شود. این یک چالش بزرگ برای ارتقاء و ساخت واکسن‌های rMVA است. برای جلوگیری از انتخاب منفی با واسطه تراریخته، رده سلولی پیوسته پرندگان AGE1.CR pIX (CR pIX) برای سرکوب بیان ژن در طول تولید و تکثیر rMVA اصلاح شد. این امر با بیان ساختاری یک سرکوبگر تتراسایکلین (TetR) همراه با یک shRNA مشتق از موش در سلول‌های سرکوب‌گر مهندسی‌شده CR pIX PRO به دست آمد که به ترتیب یک عنصر عملگر (tetO) و موتیف توالی ترجمه‌نشده 3 روی یک پروموتر ویروسی کایمریک و mRNA ژن ترانس ژن را هدف قرار می‌دهند. . این رده سلولی در تولید دو rMVA (ایزوله CR19) که a را بیان می‌کنند بسیار مفید بود
8,38380261,چشم انداز بیوتکنولوژیک شاهد رشد قابل توجهی در درمان های بیولوژیکی به ویژه در زمینه تولید پروتئین نوترکیب بوده است. در اینجا ما عملکرد 3'UTR را بررسی می کنیم
9,38370696,ایمن سازی با mosaic-8b [نانوذرات 60 متری که 8 حوزه اتصال گیرنده بتاکوروناویروس (ساربکوویروس) شبه SARS (RBDs) ارائه می کنند] آنتی بادی های واکنش متقاطع گسترده تری نسبت به نانوذرات RBD هموتیپی SARS-CoV-2 RBD ایجاد می کند و در برابر ویروس ساربه محافظت می کند. برای بررسی اثرات گناه آنتی ژنی اصلی (OAS) بر کارایی mosaic-8b، ما اثرات واکسیناسیون های قبلی COVID-19 را در پستانداران غیر انسانی و موش ها بر روی وسعت پاسخ sarbecovirus استخراج شده توسط mosaic-8b، admix-8b (8 homotypics) و هموتایپی SARS-CoV-2، پیدا کردن بیشترین واکنش متقابل برای موزاییک-8b. همانطور که با نقشه‌برداری سرنوشت مولکولی که در آن آنتی‌بادی‌های مشتق‌شده از گروه‌های خاص سلول‌های B به طور متفاوت شناسایی می‌شوند، نشان داده شد، سلول‌های B که توسط mRNA-LNP سنبله WA1 ایجاد شده‌اند، پس از تقویت نانوذرات RBD بر پاسخ‌های آنتی‌بادی غالب شدند. در حالی که نانوذرات mosaic-8b و homotypic آنتی‌بادی‌های واکنش متقاطع را تقویت می‌کردند، آنتی‌بادی‌های de novo عمدتاً با تقویت mozaic-8b القا می‌شدند، و اینها برای RBD‌های مختلف با افزایش هویت RBD‌ها در mozaic-8b خاص بودند. این نتایج به مکانیسم‌های OAS و پشتیبانی از استفاده از mozaic-8b برای محافظت از انسان‌های واکسینه/آلوده به کووید-۱۹ در برابر انواع هنوز ناشناخته SARS-CoV-2 و ساربکویروس‌های حیوانی با پتانسیل سرریز انسانی کمک می‌کند.
10,38369742,"مقدمه: توسعه سریع واکسن‌های mRNA علیه SARS-CoV-2 انقلابی در واکسن‌شناسی ایجاد کرده است و امیدی برای پاسخ‌های سریع به بیماری‌های عفونی نوظهور است. واکسن‌های mRNA که در ابتدا با شک و تردید مواجه شدند، مؤثر و بی‌خطر بودند و تردید واکسن را در میان همه‌گیری در حال تکامل COVID-19 کاهش دادند. همه‌گیری COVID-19 نشان داده است که زمان لازم برای اصلاح واکسن‌های mRNA برای مقابله با سویه‌های جهش‌یافته جدید به‌طور قابل‌توجهی کوتاه‌تر از زمان لازم برای جهش پاتوژن‌ها و تولید انواع جدیدی است که می‌توانند در جمعیت‌های واکسینه شده رشد کنند. این موضوع این ایده را برجسته می‌کند که به نظر می‌رسد فناوری واکسن mRNA از ویروس‌ها در مسابقه تکاملی پیشی گرفته است.
مناطق تحت پوشش: این مقاله مروری بینش‌های ارزشمندی را در مورد چندین جنبه حیاتی توسعه و استقرار واکسن mRNA، از جمله اصول طراحی و سنتز واکسن mRNA، استفاده از سیستم‌های تحویل، ملاحظات مربوط به ایمنی واکسن، طول عمر پاسخ ایمنی، استراتژی‌هایی برای اصلاح واکسن اصلی mRNA برای رسیدگی به سویه های جهش یافته در حال ظهور، و همچنین رسیدگی به تردید واکسن و رویکردهای بالقوه برای کاهش بی میلی.
نظر کارشناس: چالش‌هایی مانند پایداری، ذخیره‌سازی، پیچیدگی‌های تولید، ظرفیت تولید، واکنش‌های آلرژیک، اثرات بلندمدت، دسترسی و اطلاعات نادرست باید مورد توجه قرار گیرد. علیرغم این موانع، فناوری واکسن mRNA نویدبخش انقلابی در استراتژی های واکسیناسیون آینده است."
11,38351874,خلوص بالای DNA پلاسمید (pDNA)، به‌ویژه در ایزوفرم ابرپیچ‌پیچ (SC)، برای کاربردهای بیودارویی مختلف، مانند یک عامل ترانسفکت‌کننده برای تولید ناقل‌های ویروسی ژن‌درمانی، واکسن‌های pDNA یا به‌عنوان پیش‌ساز برای شکل خطی‌شده استفاده می‌شود. به عنوان الگویی برای سنتز mRNA در تولید بالینی، pDNA معمولاً از سلول‌های اشریشیا کلی با لیز قلیایی و به دنبال آن کروماتوگرافی تبادل آنیونی یا فیلتراسیون جریان مماسی به عنوان مرحله جذب pDNA استخراج می‌شود. هر دو روش درجه بالایی از آلاینده‌های سلول میزبان را حذف می‌کنند، اما نمی‌توانند به طور کلی بین ایزوفرم‌های pDNA SC و دایره‌ای باز (OC) و همچنین سایر ناخالصی‌های DNA، مانند DNA ژنومی (gDNA) تمایز قائل شوند. کروماتوگرافی برهمکنش هیدروفوبیک (HIC) معمولاً به عنوان خالص سازی پولیش برای pDNA استفاده می شود. ما روش خالص سازی پرداخت مبتنی بر HIC را توسعه دادیم که برای غنی سازی SC pDNA بسیار انتخابی است. با توجه به اندازه پلاسمید، مقیاس پذیر و سازگار با GMP عمومی است. در این روش از سولفات آمونیوم، یک نمک kosmotropic، با غلظت انتخابی برای اتصال pDNA SC به ستون مونولیتی بوتیل استفاده می شود، در حالی که OC pDNA و gDNA در جریان حذف می شوند. این رویکرد بر روی پلاسمیدهای رمزکننده ویروس و mRNA مرتبط با آدنو مرتبط با طیف وسیعی از 3 تا 12 kbp تأیید شده است. ما مقیاس پذیری خوبی را برای حداقل 300 میلی گرم از SC pDNA> 95٪ نشان می دهیم، بنابراین راه را برای افزایش کیفیت داروهای ژنومی که از pDNA به عنوان یک ماده خام کلیدی استفاده می کنند، هموار می کنیم.
12,38350768,"پس‌زمینه: پروژه جهانی ایمنی واکسن کووید (GCoVS) که در سال 2021 تحت شبکه چند ملیتی جهانی داده‌های واکسن (GVDN®) تأسیس شد، ارزیابی جامع ایمنی واکسن را تسهیل می‌کند. این مطالعه با هدف ارزیابی خطر عوارض جانبی مورد علاقه (AESI) به دنبال واکسیناسیون کووید-19 از 10 سایت در هشت کشور انجام شد.
روش‌ها: با استفاده از یک پروتکل مشترک، این مطالعه کوهورت مشاهده‌ای با نرخ‌های مورد انتظار 13 AESI انتخاب شده در پیامدهای عصبی، هماتولوژیکی و قلبی مقایسه شد. نرخ‌های مورد انتظار توسط سایت‌های شرکت‌کننده با استفاده از داده‌های مراقبت‌های بهداشتی واکسیناسیون قبل از کووید-۱۹، طبقه‌بندی‌شده بر اساس سن و جنس به‌دست آمد. نرخ های مشاهده شده از همان مجموعه داده های مراقبت های بهداشتی از زمان اجرای برنامه واکسیناسیون COVID-19 گزارش شده است. AESI که تا 42 روز پس از واکسیناسیون با واکسن‌های mRNA (BNT162b2 و mRNA-1273) و ناقل آدنوویروس (ChAdOx1) رخ می‌دهد در تجزیه و تحلیل اولیه گنجانده شد. ریسک‌ها با استفاده از نسبت‌های مشاهده شده در مقابل مورد انتظار (OE) با فواصل اطمینان 95 درصد ارزیابی شدند. سیگنال‌های ایمنی بالقوه اولویت‌دار، سیگنال‌هایی بودند که حد پایین‌تر فاصله اطمینان 95 درصد (LBCI) بیشتر از 1.5 داشتند.
نتایج: شرکت کنندگان شامل 99,068,901 فرد واکسینه شده بودند. در کل، 183،559،462 دوز BNT162b2، 36،178،442 دوز mRNA-1273، و 23،093،399 دوز ChAdOx1 در سراسر سایت‌های شرکت‌کننده در دوره مطالعه تجویز شد. دوره‌های خطر پس از برنامه‌های واکسیناسیون همولوگ 23،168،335 سال پیگیری انجام شد. نسبت OE با LBCI > 1.5 برای سندرم گیلن باره (2.49، 95 ٪ CI: 2.15، 2.87) و ترومبوز سینوس ورید مغزی (3.23، 95 ٪ CI: 2.51، 4.09 ٪ CI: 2.51، 4.09 دوز اول از cc از Ad) مشاهده شد. انسفالومیلیت منتشر حاد، پس از اولین دوز واکسن mRNA-1273، نسبت OE 3.78 (95 % CI: 1.52، 7.78) را نشان داد. نسبت OE برای میوکاردیت و پریکاردیت به دنبال BNT162b2، mRNA-1273، و ChAdOx1 به طور قابل توجهی با LBCIs > 1.5 افزایش یافت.
نتیجه‌گیری: این تجزیه و تحلیل چند کشوری سیگنال‌های ایمنی از پیش تعیین شده را برای میوکاردیت، پریکاردیت، سندرم گیلن باره و ترومبوز سینوس ورید مغزی تأیید کرد. سایر سیگنال های ایمنی بالقوه که نیاز به بررسی بیشتر دارند شناسایی شدند."
13,38336561,ظهور نوع Omicron SARS-CoV-2 چالش مهمی را برای سلامت جهانی ایجاد کرده است و نیاز به توسعه سریع واکسن‌های مبتنی بر mRNA دارد. پلتفرم‌های واکسن هدایت‌شونده mRNA مزایای مختلفی را نسبت به پلت‌فرم‌های واکسن سنتی ارائه می‌دهند. mRNA ذاتاً یک مولکول کوتاه مدت است که سلول ها را برای تولید پروتئین های آنتی ژنی هدایت می کند. در کار حاضر، ما یک توالی پروتئین آنتی ژنیک سنبله omicron ایجاد کرده‌ایم که با تجزیه و تحلیل ترکیب پایه، مدل‌سازی، و اتصال با گیرنده ACE-2 مشخص می‌شود. علاوه بر این، ما اپی توپ‌های سلول B و سلول T را پیش‌بینی کردیم که به دنبال آن آنتی‌ژنیسیته، سمیت و حساسیت‌زایی بود. در نهایت، پروتئین ترجمه معکوس، کدون بهینه‌سازی شد و توالی mRNA کدکننده برای پایداری آن با پیش‌بینی ساختارهای ثانویه بررسی شد. بررسی جامع داده‌های درون سیلیکونی 628.2 را به عنوان یک کاندید آنتی ژنی قوی نشان داد که در نهایت در Gemcovac®-OM، یک واکسن تقویت‌کننده mRNA هترولوگ برای COVID-19 استفاده شد.
14,38319332,"اهمیت: دانش بهتر در مورد عوارض جانبی نوزادان پس از واکسیناسیون کووید-19 در دوران بارداری می تواند به رفع نگرانی های مربوط به ایمنی واکسن کمک کند.
هدف: ارزیابی خطرات عوارض جانبی نوزادان پس از قرار گرفتن در معرض واکسیناسیون COVID-19 در دوران بارداری.
طراحی، مکان، و شرکت کنندگان: مطالعه کوهورت مبتنی بر جمعیت شامل همه نوزادان در سوئد و نروژ که از ژوئن 2021 تا ژانویه 2023 متولد شده‌اند. از شماره‌های هویت شخصی منحصر به فرد برای پیوند دادن اطلاعات فردی از ثبت‌های ملی مختلف استفاده شد.
قرار گرفتن در معرض: تجویز هر گونه واکسن mRNA علیه کووید-19 در دوران بارداری، صرف نظر از واکسیناسیون قبلی، تعداد دوزهای مصرفی در دوران بارداری، یا سازنده واکسن.
پیامدها و اقدامات اصلی: پیامدها شرایط نوزادی همراه با خونریزی/ترومبوز یا التهاب/عفونت بود. اختلالات سیستم عصبی مرکزی؛ مشکلات گردش خون، تنفسی یا گوارشی؛ و مرگ و میر نوزادان روش های آماری شامل رگرسیون لجستیک تنظیم شده برای ویژگی های افراد باردار، با تجزیه و تحلیل های محدود و طبقه بندی شده اضافی بود.
نتایج: از 196470 نوزاد تازه متولد شده شامل (51.3٪ مرد، 93.8٪ متولد شده در ترم، 62.5٪ متولد در سوئد)، 94 303 (48.0٪) در طول بارداری در معرض واکسیناسیون COVID-19 قرار گرفتند. نوزادان در معرض خطر افزایش احتمال پیامدهای نامطلوب نوزادی را نشان ندادند، و آنها شانس کمتری را برای خونریزی داخل جمجمه ای غیرتروماتیک نوزادی نشان دادند (نرخ رویداد، 1.7 در مقابل 3.2/1000؛ نسبت شانس تعدیل شده [aOR]، 0.78 [95.95٪] CI)، 0.70 [95%] انسفالوپاتی هیپوکسیک-ایسکمیک (1.8 در مقابل 2.7/1000؛ aOR، 0.73 [95% فاصله اطمینان (CI)، 0.55-0.96])، و مرگ و میر نوزادان (0.9 در مقابل 1.8/1000؛ aOR، 0.68 [95% CI، 0.9-0.9). تجزیه و تحلیل های زیرگروه ارتباط مشابهی را بین واکسیناسیون در دوران بارداری و مرگ و میر کمتر نوزادان نشان داد. گروه‌های فرعی محدود به نوزادانی بودند که توسط افرادی که قبل از بارداری واکسینه نشده بودند، افرادی که قبل از بارداری واکسینه شده بودند، افرادی که پس از واکسیناسیون عمومی در دوران بارداری واکسینه شده بودند، و افراد بدون عفونت COVID-19 در دوران بارداری، محدود شدند. آنالیزهای محدود به نوزادان ترم، تولدهای تک قلو یا نوزادان بدون نقص مادرزادی نتایج مشابهی را به همراه داشت. طبقه بندی تجزیه و تحلیل توسط سازنده واکسن، ارتباط بین واکسیناسیون و مرگ و میر پایین نوزادان را کاهش نداد.
نتیجه‌گیری و ارتباط: در این مطالعه بزرگ مبتنی بر جمعیت، واکسیناسیون افراد باردار با واکسن‌های mRNA COVID-19 با افزایش خطرات عوارض جانبی نوزادان در نوزادان آنها مرتبط نبود."
0,38449709,پروتئین های شوک حرارتی (HSPs)، همچنین به عنوان پروتئین های استرس شناخته می شوند، در همه جا در همه اشکال زندگی وجود دارند. آنها نقش محوری در تا کردن و باز شدن پروتئین، تشکیل کمپلکس‌های چند پروتئینی، حمل و نقل و دسته‌بندی پروتئین‌ها به بخش‌های درون سلولی تعیین‌شده، تنظیم چرخه سلولی، و فرآیندهای سیگنال‌دهی دارند. این HSP ها شامل HSP27، HSP40، HSP70، HSP60 و HSP90 هستند که هر کدام در عملکردهای سلولی مختلف مشارکت دارند. در زمینه سرطان، HSP ها با مهار یا فعال کردن مسیرهای سیگنالینگ متنوع، تأثیر می گذارند و در نتیجه بر رشد، تمایز و تقسیم سلولی تأثیر می گذارند. این مقاله کاوش گسترده ای از عملکرد HSP ها در حوزه فارماکولوژی و بیولوژی سرطان ارائه می دهد. اعتقاد بر این است که HSP ها نقش مهمی در مکانیسم های زیربنایی شروع و پیشرفت سرطان دارند. آنها به عنوان نشانگرهای بالینی ارزشمندی برای تشخیص سرطان، اهداف بالقوه برای مداخلات درمانی و شاخص های پیشرفت بیماری نوید می دهند. در مواقع استرس سلولی، HSPها به عنوان جانشین مولکولی عمل می‌کنند و از یکپارچگی ساختاری و عملکردی پروتئین‌ها محافظت می‌کنند و به تا شدن مناسب آنها کمک می‌کنند. علاوه بر این، HSP ها با تنظیم فرآیندهایی مانند رگزایی، تکثیر سلولی، مهاجرت، تهاجم و متاستاز، نقش مهمی در رشد سرطان دارند.
1,38436869,"سابقه و هدف: پروتئین های شوک حرارتی (HSPs) در سراسر مغز وجود دارند. آنها به عنوان چاپرون های مولکولی عمل می کنند، به این معنی که به تا شدن و باز شدن کمپلکس های پروتئینی بزرگ کمک می کنند. این پیرون ها در ایجاد شرایط نوروپاتولوژیک مانند بیماری آلزایمر و بیماری بدن لوی حیاتی هستند، با HSP90، یک زیرگروه خاص از HSP، نقش کلیدی را ایفا می کند. بسیاری از مطالعات نشان داده اند که داروهایی که فعالیت HSP90 را مهار می کنند، اثرات مفیدی در بیماری های عصبی دارند. بنابراین، لیگاند تصویربرداری PET HSP90 می تواند به طور موثر برای مطالعه HSP90 در بیماری های عصبی استفاده شود. در میان چهار ایزوفرم HSP90، دو ایزوفرم سیتوزولی (HSP90α و HSP90β) که تصور می‌شود در هموستاز ساختاری پروتئین‌های مرتبط با بیماری‌های عصبی دخیل هستند. در حال حاضر، هیچ لیگاند تصویربرداری PET مفیدی که به طور انتخابی دو ایزوفرم سیتوزولی HSP90 را هدف قرار دهد، در دسترس نیست.
نتایج: در این مطالعه، ما یک لیگاند تصویربرداری جدید توموگرافی انتشار پوزیترون (PET) را توسعه دادیم، [
نتیجه گیری: ما یک عامل جدید تصویربرداری PET را توسعه داده ایم، ["
2,38431713,RAF کینازها جدایی ناپذیر از مسیر سیگنالینگ RAS-MAPK هستند و تا شدن مناسب RAF1 به تعامل آن با چپرون HSP90 و کوکاپرون CDC37 بستگی دارد. درک تعاملات مولکولی پیچیده حاکم بر تاشو RAF1 برای درک این فرآیند بسیار مهم است. در اینجا، ما یک ساختار cryo-EM از کمپلکس حالت بسته RAF1-HSP90-CDC37 را ارائه می کنیم، جایی که لوب C دامنه RAF1 کیناز به یک طرف دایمر HSP90 و یک بخش N-لوب باز شده از RAF1 متصل می شود. دامنه کیناز از مرکز دایمر HSP90 عبور می کند. CDC37 به لوب C کیناز متصل می شود و از لوب N با موتیف HxNI خود تقلید می کند. ما همچنین ساختارهای دایمرهای HSP90 را بدون RAF1 و CDC37 توصیف می‌کنیم، که فقط دامنه‌های N ترمینال و میانی را نشان می‌دهند، که آن را حالت نیمه باز می‌نامیم. با استفاده از شبیه‌سازی‌های اتمی ۱ میکروثانیه، تجزیه انرژی، و تحلیل ساختاری مقایسه‌ای، دینامیک و تعاملات درون این مجتمع‌ها را روشن می‌کنیم. تجزیه و تحلیل کمی ما نشان می‌دهد که CDC37 برهم‌کنش HSP90-RAF1 را پل می‌کند، RAF1 HSP90 را به‌طور نامتقارن متصل می‌کند، و عناصر ساختاری HSP90 با منطقه بازشده RAF1 درگیر می‌شوند. علاوه بر این، برهمکنش‌های ترمینال N و C، دیمرهای HSP90 را تثبیت می‌کنند، و برهمکنش‌های مولکولی در دایمرهای HSP90 بین حالت‌های بسته و نیمه باز مرتب می‌شوند. یافته‌های ما بینش ارزشمندی در مورد مشارکت HSP90 و CDC37 در میانجی‌گری تا کردن مشتری ارائه می‌دهد.
3,38423854,پروتئین ها ماشین های مولکولی هستند که ساختار را فراهم می کنند و نقش های مهم انتقال، سیگنال و آنزیمی را انجام می دهند. پروتئین های بیان شده توسط سلول ها نیاز به تنظیم دقیق غلظت، تا شدن، محلی سازی و تغییرات دارند. با این حال، این حالت هموستاز پروتئین به طور مداوم توسط تنش های سطح بافت مختل می شود. در حالی که سلول‌های بافت‌های سالم می‌توانند در برابر این اختلالات بافر شوند، به عنوان مثال، با بیان پروتئین‌های چپرون، هموستاز پروتئین در پیری از بین می‌رود و می‌تواند منجر به تجمع پروتئین مشخصه بیماری‌های تاخوردگی پروتئین شود. در اینجا، گزارش‌هایی از قطع ارتباط تدریجی بین تنظیم ترانسکریپتومی و پروتئومی در طول پیری سلولی را مرور می‌کنیم. ما در مورد اینکه چگونه تغییرات مرتبط با سن در پاسخ‌های سلولی به عوامل استرس‌زای خاص در ریزمحیط بافتی با از دست دادن پروتئین‌های ریبوزومی، مکث ریبوزومی و ترجمه اشتباه تشدید می‌شوند، بحث می‌کنیم.
4,38381577,سلول ها از سیستم های متعددی برای حفظ هموستاز در هنگام تجربه استرس محیطی استفاده می کنند. به عنوان مثال، تا شدن پلی پپتیدهای نوپا به شدت به عوامل استرس زای پروتئوتوکسیک از جمله گرما، pH و استرس اکسیداتیو حساس است و توسط شبکه ای از چپرون های پروتئینی محافظت می شود که پروتئین های تاخورده نادرست بالقوه سمی را در مجموعه های گذرا متمرکز می کنند تا چین خوردگی یا تخریب را افزایش دهند. محیط اکسیداسیون و کاهش خود توسط هر دو مسیر سیتوزولی و اندامکی تیوردوکسین و گلوتاتیون بافر می شود. این که چگونه این سیستم ها به هم مرتبط هستند به خوبی درک نشده است. در اینجا، ما تعیین می‌کنیم که اختلال خاص در سیستم تیوردوکسین سیتوزولی منجر به فعال‌سازی ساختاری پاسخ شوک حرارتی در
5,38377794,پروتئین Hsp70 شوک حرارتی پستانداران القاء کننده استرس و ارتولوگ باکتریایی آن DnaK، چاپرون های مولکولی بسیار حفاظت شده و بخش مهمی از ماشین آلات مسئول تاخوردگی پروتئین و هموستاز هستند. Hsp70 یک پروتئین سه دامنه و 70 کیلو دالتون است که بین یک حالت متصل به ATP که در آن هر سه دامنه به طور ایمن در یک واحد جفت شده اند و یک حالت محدود به ADP که در آن به راحتی از طریق یک پیوند بین دامنه انعطاف پذیر به هم متصل می شوند، چرخش می کند. Hsp70 یک هدف درمانی جدید و جذاب را ارائه می دهد زیرا برای حفظ پروتئوستاز سلولی بسیار مهم است و به ویژه برای سلول های سرطانی بسیار مهم است. ما شبیه‌سازی‌های دینامیک مولکولی SBD (حوزه اتصال بستر) به همراه دامنه Lid را در پاسخ به تلاش‌های تجربی برای شناسایی مهارکننده‌های مولکولی کوچک که عملکرد Hsp70 را مختل می‌کنند، انجام داده‌ایم. هدف ما مشخص کردن حرکت ماشین آلوستریک SBD/Lid و علاوه بر این، شناسایی اثر مولکول PET16 بر این حرکت بوده است. جالب اینجاست که ما متوجه باز شدن کل دامنه Lid به شکل apo-form دایمر شدیم. پیکربندی ساختار باز بسیار متفاوت از ساختارهای منتشر شده قبلی (PDB 4JN4) از ترکیب باز و داک شده از فرم محدود ATP بود. شبیه‌سازی‌های MD نشان داد که Lid قادر به سفرهای دینامیکی بسیار بزرگ‌تر از آنچه توسط زیست‌شناسی ساختاری تجربی پیش‌بینی شده است، است. این در تلاش‌های آتی کشف دارو با هدف تعدیل فعالیت Hsp70 ارزشمند است. به نظر می رسد مولکول PET16 ضعیف است و تأثیر آن بر پویایی مجتمع هنوز مشخص نشده است.
6,38370690,آنزیم های APOBEC3 انسانی خانواده ای از (ss)DNA و RNA سیتیدین دآمینازهای تک رشته ای هستند که به عنوان بخشی از ایمنی ذاتی در برابر ویروس ها و عناصر بازدارنده عمل می کنند. این آنزیم‌ها سیتوزین را دآمینه می‌کنند و اوراسیل را تشکیل می‌دهند که می‌تواند عملکردی غیرفعال یا باعث تخریب ژنوم‌های ویروسی یا رترو عنصر شود. علاوه بر این، APOBEC3 دارای فعالیت ضد ویروسی مستقل از دآمیناسیون از طریق برهمکنش پروتئین و اسید نوکلئیک است. اگر سطح بیان به درستی تنظیم نشود، برخی از آنزیم‌های APOBEC3 می‌توانند به ژنوم انسان دسترسی پیدا کنند که منجر به دآمیناسیون و جهش‌زایی می‌شود و به شروع و تکامل سرطان کمک می‌کند. در حالی که آنزیم‌های APOBEC3 با کمپلکس‌های ریبونوکلئوپروتئین بزرگ تعامل دارند، عملکرد و وابستگی RNA کاملاً شناخته شده نیست. برای درک بیشتر نقش سلولی آنها، ما با طیف سنجی جرمی تصفیه میل ترکیبی (AP-MS) شبکه برهمکنش پروتئین را برای آنزیم های APOBEC3 انسانی تعیین کردیم و مجموعه متنوعی از برهمکنش های پروتئین-پروتئین و پروتئین-RNA را نقشه برداری کردیم. تجزیه و تحلیل ما تعاملات جدید با واسطه RNA را بین APOBEC3C، APOBEC3H هاپلوتیپ I و II، و APOBEC3G با پروتئین های اسپلایسوم، و APOBEC3G و APOBEC3H هاپلوتیپ I با پروتئین های دخیل در متیلاسیون tRNA و صادرات ncRNA از هسته شناسایی کرد. علاوه بر این، ما تعاملات پروتئین-پروتئین مستقل از RNA را با APOBEC3B، APOBEC3D، و APOBEC3F و خانواده prefoldin از چاپرون های تاشو پروتئین شناسایی کردیم. تعامل بین پری فولدین 5 (PFD5) و APOBEC3B توانایی PFD5 برای القای تخریب انکوژن cMyc را مختل کرد و شبکه تعامل پروتئین APOBEC3B را در سرطان دخیل کرد. در مجموع، نتایج عملکردها و تعاملات جدیدی از خانواده APOBEC3 را آشکار می کند و نشان می دهد که آنها ممکن است نقش اساسی در زیست شناسی RNA سلولی داشته باشند، برهمکنش پروتئین-پروتئین آنها اضافی نیست، و تعاملات پروتئین-پروتئین با سرکوبگرهای تومور وجود دارد که نشان دهنده نقشی در سرطان است. زیست شناسی
7,38368609,پیش‌بینی خطر جهش‌های سرطان برای تشخیص زودهنگام و پیشگیری حیاتی است، اما تفاوت در شدت آللی ناقلان انسانی، پیش‌بینی خطر را مختل می‌کند. در اینجا، ما تاخوردگی پروتئین را به عنوان یک مکانیسم سلولی که باعث تفاوت در شدت جهش سرکوبگر تومور BRCA1 می‌شود، توضیح می‌دهیم. با استفاده از یک سنجش تعامل پروتئین-پروتئین با کارایی بالا، نشان می‌دهیم که الگوهای اتصال چپرون تاشو پروتئین، بیماری‌زایی انواع را در حوزه BRCA1 C ترمینال (BRCT) پیش‌بینی می‌کنند. HSP70 به طور انتخابی 94٪ از انواع بیماری زا BRCA1-BRCT را متصل می کند، که اکثر آنها HSP70 را بیشتر از HSP90 درگیر می کنند. قابل توجه است که بزرگی اتصال HSP70 به طور خطی با از دست دادن تاشو و عملکرد همبستگی دارد. ما یک کلاس رایج از گونه‌های هیپومورفیک BRCA1 انسانی را شناسایی می‌کنیم که به‌طور متوسط ​​به چپرون‌ها متصل می‌شوند و تاخوردگی و عملکرد جزئی را حفظ می‌کنند. علاوه بر این، اتصال چاپرون به معنی نفوذ بیشتر جهش و شروع زودتر سرطان در کلینیک است. یافته‌های ما نشان‌دهنده کاربرد چاپرون‌ها به‌عنوان حسگرهای زیستی سلولی کمی با نوع تا شدن، شدت فنوتیپی و خطر سرطان است.
8,38363102,"سابقه و هدف: هموستاز پروتئین مختل (پروتئوستاز) نشان داده شده است که پیشرفت بیماری های مختلف را تسهیل می کند. کمپلکس سیتوزولی T-complex Protein-1 حلقه (TRiC/CCT) به عنوان یک بازیکن حیاتی در هماهنگ سازی پروتئوستاز با تا کردن پروتئین های یوکاریوتی، هدایت محلی سازی درون سلولی و سرکوب تجمع پروتئین ها کشف شد. تحقیقات فشرده TRiC/CCT در زمینه های مختلف، درک نقش و مکانیسم مولکولی آن را در فرآیندهای فیزیولوژیکی و پاتولوژیک متعدد بهبود بخشیده است.
بدنه اصلی: در این بررسی، ما سفری را در چرخه تا کردن پروتئین پویا TRiC/CCT آغاز می‌کنیم و مکانیسم‌های پیچیده انتخاب بستر، شناسایی، و فرآیندهای تا کردن و مونتاژ جذاب آن را آشکار می‌کنیم. علاوه بر بحث درباره نقش حیاتی TRiC/CCT در حفظ پروتئوستاز، مشارکت آن در تنظیم چرخه سلولی، آپوپتوز، اتوفاژی، کنترل متابولیک، ایمنی تطبیقی ​​و فرآیندهای انتقال سیگنال را به تفصیل شرح می دهیم. علاوه بر این، ما به طور دقیق مجموعه ای از بیماری های مرتبط با TRiC، مانند نوروپاتی ها، بیماری های قلبی عروقی و بدخیمی های مختلف را فهرست بندی می کنیم. به طور خاص، ما نقش و مکانیسم‌های مولکولی TRiC/CCT را در تنظیم تشکیل و پیشرفت سرطان گزارش می‌کنیم. در نهایت، ما در مورد مسائل حل نشده در تحقیقات TRiC/CCT بحث می‌کنیم و تلاش‌های لازم برای ترجمه به کاربردهای بالینی، مانند تشخیص و درمان را برجسته می‌کنیم.
نتیجه‌گیری: هدف این بررسی ارائه دیدگاهی جامع از TRiC/CCT برای محققان است تا الهام‌بخش تحقیقات و کاوش‌های بیشتر در مورد احتمالات بالقوه ترجمه باشد."
9,38362427,تا کردن مناسب برای عملکرد بیولوژیکی همه پروتئین ها ضروری است. فرآیند تا شدن ذاتا مستعد خطا است و تا شدن نادرست یک زنجیره پلی پپتیدی می تواند باعث تشکیل توده های سمی مرتبط با پیامدهای پاتولوژیک مانند بیماری های عصبی و دیابت شود. چاپرون ها و برخی آنزیم ها در سیستم های پروتئوستاز سلولی نقش دارند که به تا شدن پلی پپتید برای کاهش خطر تجمع کمک می کنند. توضیح مکانیسم‌های مولکولی چپرون‌ها و آنزیم‌های مرتبط برای درک سیستم‌های پروتئوستاز و پاتوفیزیولوژی مرتبط با تا زدن اشتباه و تجمع پروتئین مهم است. علاوه بر این، مطالعات مکانیکی چاپرون ها و آنزیم های مرتبط، سرنخ های مهمی را برای طراحی شبیه سازی های شیمیایی یا چاپرون های شیمیایی ارائه می دهند که به طور بالقوه برای بازیابی فعالیت های پروتئوستاز به عنوان رویکردهای درمانی برای درمان و پیشگیری از بیماری های مرتبط با تا زدن اشتباه پروتئین مفید هستند. در این چشم انداز، ما یک مرور کلی از آخرین درک مکانیسم های ترویج تاشو توسط چپرون ها و اکسیدوردوکتازها و پیشرفت های اخیر در توسعه تقلیدهای شیمیایی که دارای فعالیت های قابل مقایسه با آنزیم ها هستند، ارائه می دهیم و به دنبال آن در مورد جهت گیری های آینده بحث می کنیم.
10,38361426,تجمع پروتئین، در نتیجه تا کردن اشتباه و اختلال در پروتئوستاز، می تواند منجر به اختلالات سلولی مانند پروتئینوپاتی های مختلف شود. مکانیسم‌های محافظت از پروتئین‌ها از تجمع در محیط‌های سلولی پیچیده مدت‌هاست که اغلب از دیدگاه پروتئین محوری مورد بررسی قرار گرفته‌اند. با این حال، مطالعه ما بینش هایی را در مورد یک بازیگر مهم و در عین حال نادیده گرفته شده ارائه می دهد: RNA. ما متوجه شدیم که RNA های تهی شده از
11,38360885,تاخوردگی پروتئینی هم‌ترجمه به چپرون‌های عمومی بستگی دارد که زنجیره‌های نوپای بسیار متنوعی را در ریبوزوم‌ها درگیر می‌کنند. در اینجا ما یک چاپرون اختصاصی مرتبط با ریبوزوم، Chp1 را کشف می‌کنیم که ماشین‌های تاشوی هم‌ترجمه‌ای را دوباره سیم‌کشی می‌کند تا به بیوژنز چالش‌برانگیز فاکتور افزایش طولی ترجمه یوکاریوتی 1A (eEF1A) کمک کند. نتایج ما نشان می‌دهد که در طول سنتز eEF1A، Chp1 با کمک کمپلکس مرتبط با پلی پپتید (NAC) به ریبوزوم اضافه می‌شود، جایی که از بیوژنز eEF1A محافظت می‌کند. تولید نابجای eEF1A در غیاب Chp1 باعث پروتئولیز فوری، تجمع گسترده پروتئین، فعال سازی رونویسی استرس Hsf1 و تناسب سلولی می شود. بیان انواع بیماری زا eEF1A2 مرتبط با انسفالوپاتی صرع-دیسکینتیک توسط Chp1 محافظت می شود. بنابراین، eEF1A پروتئینی است که تا کردن آن دشوار است و نیازمند یک مسیر بیوژنز است که با فاکتور تاشو اختصاصی Chp1 در ریبوزوم شروع می‌شود تا از سلول یوکاریوتی در برابر فروپاشی پروتئوستاز محافظت کند.
12,38349359,ما یک روش تثبیت آنزیم را گزارش می‌کنیم که با بهره‌برداری از ویژگی‌های چپرون پروتئینی مصنوعی β-سیکلودکسترین (β-CD) که به‌طور کووالانسی در یک لایه آلی سیلیکا بسیار نازک جاسازی شده است. نقاط برهمکنش احتمالی این سیستم چپرون مصنوعی با سطح آنزیم انتخابی مورد بررسی قرار گرفت
13,38339390,پروتئین‌های شوک حرارتی (HSPs) خانواده‌های پروتئینی حفاظت‌شده‌ای هستند که در موجودات پروکاریوتی و یوکاریوتی یافت می‌شوند. HSP ها در طیف متنوعی از فرآیندهای فیزیولوژیکی، از جمله فعالیت مولکولی چاپرون برای کمک به تا شدن پروتئین اولیه یا ترویج باز شدن و تا کردن مجدد مواد واسطه ای که به اشتباه تا شده اند، برای به دست آوردن ساختار طبیعی یا بومی و جابجایی آن و جلوگیری از تجمع پروتئین و همچنین در ایمنی، درگیر هستند. آپوپتوز و اتوفاژی این چاپرونین‌های مولکولی با توجه به اندازه یا وزن مولکولی‌شان به خانواده‌های مختلفی طبقه‌بندی می‌شوند که شامل HSP‌های کوچک (مانند HSP10 و HSP27)، HSP40، HSP60، HSP70، HSP90 و دسته HSP‌های بزرگ که شامل پروتئین‌های HSP100 و ClpB می‌شود. بیان بیش از حد HSP ها برای مقابله با استرس سلولی در سطوح بالا در انواع تومورهای جامد، از جمله شیمی درمانی ضد سرطان، القا می شود و ارتباط نزدیکی با پیش آگهی بدتر و مقاومت درمانی در برابر سلول های سرطانی دارد. HSP ها همچنین در خواص ضد آپوپتوز نقش دارند و با فرآیندهای پیشرفت و توسعه سرطان مانند متاستاز، تهاجم و تکثیر سلولی مرتبط هستند. این بررسی به تشریح HSP های ذکر شده قبلی و مشارکت قابل توجه آنها در مکانیسم های متنوع پیشرفت و متاستاز تومور، و همچنین سهم آنها در شناسایی اهداف بالقوه برای مداخلات درمانی می پردازد.
14,38339064,توده‌های پروتئینی در بیماری‌های تخریب‌کننده عصبی مانند بیماری آلزایمر (AD) تجمع می‌یابند و مکانیسم‌های دفاعی سلولی را القا می‌کنند و وضعیت ردوکس را تغییر می‌دهند. سایتوکاین‌های پیش‌التهابی S100، به‌ویژه S100B، در طول AD فعال می‌شوند، اما یافته‌های اخیر نقش چپرون مولکولی غیر متعارف را برای S100B در ممانعت از تجمع و سمیت Aβ نشان می‌دهد. این نشان دهنده نقش محافظتی بالقوه برای S100B در شروع پروتئوتوکسیسیته Aβ است که در یک محیط بیوشیمیایی پیچیده مستعد آسیب اکسیداتیو رخ می دهد. در اینجا، ما تحقیقی را گزارش می‌کنیم که در آن شرایط اکسیداتیو خارج سلولی برای آزمایش اینکه آیا حساسیت S100B به اکسیداسیون بر فعالیت‌های محافظتی آن تأثیر می‌گذارد تقلید می‌شود. با توسل به اکسیداسیون خفیف S100B، ما اکسیداسیون متیونین را همانطور که از طیف‌سنجی جرمی استنباط می‌کنیم مشاهده کردیم، اما هیچ اتصال عرضی با واسطه سیستئین مشاهده نشد. تجزیه و تحلیل ساختاری نشان داد که چین‌خوردگی، ساختار و پایداری S100B اکسید شده تحت‌تاثیر قرار نگرفت و ساختار چهارتایی آن نیز تحت‌تاثیر قرار نگرفت. با این حال، مطالعات روی سینتیک تجمع Aβ نشان داد که S100B اکسید شده در جلوگیری از تجمع موثرتر است، که به طور بالقوه به اکسیداسیون باقی‌مانده‌های Met در شکاف اتصال S100: Aβ مرتبط است که به نفع تعاملات است. با استفاده از یک مدل کشت سلولی برای تجزیه و تحلیل عملکردهای S100B در یک محیط بسیار اکسیداتیو، مانند AD، مشاهده کردیم که سمیت Aβ با تجویز همزمان S100B اکسید شده به میزان بیشتری نسبت به S100B نجات می‌یابد. علاوه بر این، نتایج نشان می‌دهد که یک حلقه بازخورد مثبت مختل شامل S100B که به دلیل اکسیداسیون آن ایجاد می‌شود، منجر به تنظیم پایین دست بیان IL-17 و IFN-α2 با واسطه S100B می‌شود.
